Customer ID,Recency,Frequency,Monetary,Cluster,Segment
12346,1.03327417821402,0.810237201722229,1.07669944906783,3,Regular Customers
12347,0.625800285598644,0.554618356622274,1.13228868170605,2,VIP Customers
12348,0.982453320777553,0.423035857164402,1.04995757611884,1,At Risk Customers
12349,0.942081923268111,0.625800285598644,1.1584518078634,3,Regular Customers
12351,0.810237201722229,0.423035857164402,1.06596100399021,1,At Risk Customers
12352,0.810237201722229,0.554618356622274,1.07268610757432,3,Regular Customers
12353,0.943907056186028,0.423035857164402,1.06872997755993,1,At Risk Customers
12355,1.04500814899184,0.423035857164402,1.08959824797652,1,At Risk Customers
12356,0.851732346927839,0.625800285598644,1.16838593944792,0,Loyal Customers
12357,0.891821261528334,0.554618356622274,1.20649372378255,0,Loyal Customers
12358,0.810237201722229,0.625800285598644,1.1590780345309,0,Loyal Customers
12359,0.968711214153241,0.732568747710418,1.15699342834726,0,Loyal Customers
12360,0.84490704589724,0.706395054279679,1.1394244259904,0,Loyal Customers
12361,1.00132824164135,0.625800285598644,1.06929796474652,3,Regular Customers
12362,1.07684922854372,0.423035857164402,1.01911430491452,1,At Risk Customers
12366,1.060159195571,0.423035857164402,1.09073169677526,1,At Risk Customers
12368,1.05917602961924,0.423035857164402,1.11745463540757,3,Regular Customers
12369,0.952308580694242,0.625800285598644,1.1439128641794,3,Regular Customers
12370,1.05837326728565,0.625800285598644,1.11027215374348,3,Regular Customers
12371,0.945680643631524,0.625800285598644,1.15116016403516,3,Regular Customers
12373,1.05837326728565,0.554618356622274,1.10962432991395,3,Regular Customers
12374,0.96372913748031,0.625800285598644,1.15225739220375,3,Regular Customers
12376,0.895607189939859,0.554618356622274,1.09100103404573,3,Regular Customers
12377,0.85802782528634,0.554618356622274,1.14406011812198,3,Regular Customers
12378,1.04362317034645,0.423035857164402,1.13470774505784,3,Regular Customers
12379,0.965014756302866,0.554618356622274,1.10990176753822,3,Regular Customers
12380,1.0032813507728,0.753653330845511,1.19002157589511,0,Loyal Customers
12385,0.84490704589724,0.423035857164402,1.14685733913991,3,Regular Customers
12386,0.554618356622274,0.423035857164402,1.05814990566967,2,VIP Customers
12387,0.955372512799918,0.423035857164402,1.02525453747817,1,At Risk Customers
12388,0.98866440976494,0.554618356622274,1.12565493709786,3,Regular Customers
12389,0.932077249682868,0.625800285598644,1.13540937631713,3,Regular Customers
12391,1.00263834077406,0.706395054279679,1.15287836984815,0,Loyal Customers
12392,1.05112674073876,0.423035857164402,1.05293767664465,1,At Risk Customers
12393,0.863862787100884,0.554618356622274,1.11254390757198,3,Regular Customers
12395,0.753653330845511,0.672502967079056,1.14889771319298,0,Loyal Customers
12396,1.06747560063057,0.423035857164402,1.11807414798726,3,Regular Customers
12399,0.87912862186124,0.625800285598644,1.11441415671528,3,Regular Customers
12400,0.953859785790446,0.423035857164402,1.04561800875138,1,At Risk Customers
12402,0.905894483417168,0.706395054279679,1.12228191269977,0,Loyal Customers
12403,1.03038267286013,0.423035857164402,1.0984121279717,1,At Risk Customers
12404,1.0687681874899,0.423035857164402,0.971326259103661,1,At Risk Customers
12406,0.925237402907562,0.625800285598644,1.16222595874938,0,Loyal Customers
12408,0.87912862186124,0.625800285598644,1.13591725345797,3,Regular Customers
12409,0.96241498725723,0.672502967079056,1.20712103705058,0,Loyal Customers
12410,1.02273088350259,0.423035857164402,1.06914524764337,1,At Risk Customers
12411,0.945680643631524,0.423035857164402,1.07313316416472,1,At Risk Customers
12412,0.932077249682868,0.625800285598644,1.13364974425389,3,Regular Customers
12413,0.932077249682868,0.423035857164402,1.05442405730538,1,At Risk Customers
12414,1.0019873653802,0.625800285598644,1.07889578238568,3,Regular Customers
12415,0.810237201722229,0.753653330845511,1.21993545829317,0,Loyal Customers
12416,1.06441546129524,0.423035857164402,1.0448879329377,1,At Risk Customers
12417,0.947405270060277,0.810237201722229,1.16418474922395,0,Loyal Customers
12418,0.952308580694242,0.625800285598644,1.13314846393431,3,Regular Customers
12419,0.87912862186124,0.554618356622274,1.09098811846411,3,Regular Customers
12421,0.955372512799918,0.554618356622274,1.06433785095007,3,Regular Customers
12422,0.912001235290911,0.837466628755802,1.17566045207675,0,Loyal Customers
12423,0.887827694546274,0.554618356622274,1.10962602452519,3,Regular Customers
12424,0.965014756302866,0.554618356622274,1.13914085248969,3,Regular Customers
12425,0.991125924427997,0.423035857164402,1.11951107091356,3,Regular Customers
12426,1.06546001800065,0.423035857164402,1.10959211744945,1,At Risk Customers
12427,0.753653330845511,0.423035857164402,1.06639565468332,1,At Risk Customers
12429,0.423035857164402,0.706395054279679,1.17000710701438,2,VIP Customers
12431,0.786047879585602,0.829304666300179,1.17522921683326,0,Loyal Customers
12433,0.554618356622274,0.706395054279679,1.19112708706327,2,VIP Customers
12434,0.85802782528634,0.423035857164402,1.06533773109476,1,At Risk Customers
12435,0.917610260115658,0.672502967079056,1.18592957654866,0,Loyal Customers
12437,0.914863320248503,0.87912862186124,1.19328566531923,0,Loyal Customers
12439,1.0687681874899,0.554618356622274,1.12645452097028,3,Regular Customers
12440,1.00132824164135,0.554618356622274,1.11468801961564,3,Regular Customers
12441,0.554618356622274,0.423035857164402,1.03618200749426,2,VIP Customers
12443,1.0760547427666,0.423035857164402,1.08932006595596,1,At Risk Customers
12445,0.96241498725723,0.423035857164402,1.06607135348497,1,At Risk Customers
12449,0.947405270060277,0.554618356622274,1.10993651041675,3,Regular Customers
12450,0.925237402907562,0.625800285598644,1.08979942327474,3,Regular Customers
12451,1.0019873653802,0.625800285598644,1.1690820758872,3,Regular Customers
12454,0.914863320248503,0.672502967079056,1.20892597754549,0,Loyal Customers
12455,0.98866440976494,0.672502967079056,1.16695174041709,0,Loyal Customers
12457,0.979563883308144,0.423035857164402,1.10141544681688,1,At Risk Customers
12458,0.97105164486998,0.554618356622274,1.11322794973173,3,Regular Customers
12459,1.05434646777119,0.423035857164402,1.08622270947584,1,At Risk Customers
12460,0.99719132727709,0.423035857164402,1.07012278724285,1,At Risk Customers
12466,1.0687681874899,0.423035857164402,0.963377176486628,1,At Risk Customers
12467,0.966272952906034,0.423035857164402,1.02041030822935,1,At Risk Customers
12468,1.03221023266022,0.625800285598644,1.16182787092228,3,Regular Customers
12469,1.03075379565817,0.554618356622274,1.16332113794563,3,Regular Customers
12470,1.06986772639587,0.423035857164402,1.04738727995731,1,At Risk Customers
12471,0.798927899057388,0.952308580694242,1.22073528262334,0,Loyal Customers
12472,0.706395054279679,0.829304666300179,1.20458692696762,2,VIP Customers
12474,0.837466628755802,0.829304666300179,1.1799273773851,0,Loyal Customers
12475,0.945680643631524,0.423035857164402,1.08318580368728,1,At Risk Customers
12476,0.917610260115658,0.820286244339271,1.19139077302046,0,Loyal Customers
12477,0.925237402907562,0.625800285598644,1.19048482600532,0,Loyal Customers
12480,0.925237402907562,0.625800285598644,1.1512235483824,3,Regular Customers
12481,0.423035857164402,0.732568747710418,1.18918036270928,2,VIP Customers
12482,1.04740022867383,0.909014982122063,1.22509854084853,0,Loyal Customers
12483,0.837466628755802,0.810237201722229,1.15766283904593,0,Loyal Customers
12484,1.01367112827448,0.732568747710418,1.14465031646441,0,Loyal Customers
12485,1.03327417821402,0.423035857164402,1.10638192540037,1,At Risk Customers
12486,0.975466054775925,0.423035857164402,1.12251863250927,3,Regular Customers
12487,1.07578648051123,0.423035857164402,1.06321823520511,1,At Risk Customers
12490,0.837466628755802,0.810237201722229,1.17549289295971,0,Loyal Customers
12492,0.93420673023127,0.423035857164402,1.08597632685415,1,At Risk Customers
12494,0.423035857164402,0.625800285598644,1.10099710649302,2,VIP Customers
12495,1.06149939993085,0.423035857164402,1.07461272336277,1,At Risk Customers
12496,1.05755553880215,0.554618356622274,0.946272386054689,1,At Risk Customers
12497,0.927597350695399,0.554618356622274,1.1809112934478,3,Regular Customers
12499,1.04305729394222,0.423035857164402,1.07935731514278,1,At Risk Customers
12500,0.979563883308144,0.771164660636414,1.14188838099307,0,Loyal Customers
12503,1.04942585093474,0.423035857164402,1.12585450691579,3,Regular Customers
12504,0.958289233840266,0.554618356622274,1.06528768235184,3,Regular Customers
12505,0.943907056186028,0.423035857164402,1.11912186482838,3,Regular Customers
12507,1.04942585093474,0.423035857164402,1.09419663552032,1,At Risk Customers
12510,0.999300056856555,0.753653330845511,1.17388046010531,0,Loyal Customers
12511,0.972187368078744,0.423035857164402,1.16347261112638,3,Regular Customers
12514,1.06168752805318,0.423035857164402,1.09751965950551,1,At Risk Customers
12516,0.974393832083351,0.554618356622274,1.1326799054438,3,Regular Customers
12519,1.0098756237601,0.423035857164402,1.07835572223798,1,At Risk Customers
12523,0.798927899057388,0.820286244339271,1.15698261902063,0,Loyal Customers
12524,0.891821261528334,0.786047879585602,1.18860296085273,0,Loyal Customers
12525,1.02095555902629,0.625800285598644,1.11991772168648,3,Regular Customers
12527,1.01911430491452,0.554618356622274,1.0784945563853,3,Regular Customers
12529,1.03292215867518,0.423035857164402,1.06852560721725,1,At Risk Customers
12530,0.955372512799918,0.706395054279679,1.14975286906538,0,Loyal Customers
12531,1.06939999314839,0.423035857164402,1.14426329379534,3,Regular Customers
12533,1.05897671435588,0.554618356622274,1.13358802620859,3,Regular Customers
12537,0.943907056186028,0.423035857164402,1.10788294609416,3,Regular Customers
12538,0.837466628755802,0.423035857164402,1.0615935659482,1,At Risk Customers
12539,0.992707283229087,0.625800285598644,1.18350850290153,0,Loyal Customers
12540,0.837466628755802,0.851732346927839,1.19737785719453,0,Loyal Customers
12542,1.01419096769647,0.554618356622274,1.08898849315157,3,Regular Customers
12543,0.991125924427997,0.423035857164402,1.12019355831203,3,Regular Customers
12547,1.02185118922711,0.423035857164402,1.03691192751196,1,At Risk Customers
12549,1.04714055168876,0.732568747710418,1.13905865414042,0,Loyal Customers
12553,0.87912862186124,0.554618356622274,1.11739860856211,3,Regular Customers
12554,0.991125924427997,0.423035857164402,1.08766783535593,1,At Risk Customers
12555,1.0687681874899,0.423035857164402,1.01875191390107,1,At Risk Customers
12557,0.753653330845511,0.672502967079056,1.18899694979103,0,Loyal Customers
12562,0.87912862186124,0.554618356622274,1.12791390158136,3,Regular Customers
12563,0.943907056186028,0.423035857164402,1.05613807680712,1,At Risk Customers
12567,0.625800285598644,0.753653330845511,1.17475917635643,2,VIP Customers
12568,1.06224706395806,0.423035857164402,0.978566837930225,1,At Risk Customers
12570,1.0687681874899,0.423035857164402,0.98566357684511,1,At Risk Customers
12573,0.85802782528634,0.672502967079056,1.09566589396098,3,Regular Customers
12575,0.997903547828628,0.554618356622274,1.1007149076801,3,Regular Customers
12576,0.905894483417168,0.625800285598644,1.11306379876669,3,Regular Customers
12577,0.85802782528634,0.706395054279679,1.12062289724473,0,Loyal Customers
12578,0.87912862186124,0.554618356622274,1.14508046093674,3,Regular Customers
12580,1.04740022867383,0.423035857164402,1.10173230384532,1,At Risk Customers
12582,0.965014756302866,0.554618356622274,1.13636307537017,3,Regular Customers
12583,0.786047879585602,0.829304666300179,1.19095875212334,0,Loyal Customers
12586,0.798927899057388,0.625800285598644,1.14543772412944,0,Loyal Customers
12588,0.925237402907562,0.625800285598644,1.10852520006828,3,Regular Customers
12589,0.96372913748031,0.732568747710418,1.17270179071761,0,Loyal Customers
12591,0.899204137093441,0.554618356622274,1.1159866950756,3,Regular Customers
12592,1.0296317282857,0.625800285598644,1.15058119589262,3,Regular Customers
12594,0.837466628755802,0.706395054279679,1.1430804066556,0,Loyal Customers
12595,1.02359515629431,0.423035857164402,1.06563508889208,1,At Risk Customers
12598,1.0019873653802,0.625800285598644,1.13745020254187,3,Regular Customers
12599,0.85802782528634,0.732568747710418,1.13048267499674,0,Loyal Customers
12600,0.753653330845511,0.820286244339271,1.1553067425556,0,Loyal Customers
12601,0.936268254134964,0.423035857164402,1.00528748179435,1,At Risk Customers
12605,0.820286244339271,0.672502967079056,1.129490874375,0,Loyal Customers
12606,1.0687681874899,0.423035857164402,0.87912862186124,1,At Risk Customers
12608,0.936268254134964,0.423035857164402,1.08199294670442,1,At Risk Customers
12609,0.798927899057388,0.732568747710418,1.15325290049135,0,Loyal Customers
12613,0.891821261528334,0.706395054279679,1.16754369314167,0,Loyal Customers
12615,0.952308580694242,0.672502967079056,1.16731581741222,0,Loyal Customers
12616,0.891821261528334,0.423035857164402,1.08222469493282,1,At Risk Customers
12619,1.04305729394222,0.423035857164402,1.02365509067179,1,At Risk Customers
12621,0.423035857164402,0.851732346927839,1.20401011580561,2,VIP Customers
12623,0.956848463705964,0.732568747710418,1.16724622350308,0,Loyal Customers
12625,1.0256915346265,0.554618356622274,1.15583158912788,3,Regular Customers
12629,0.87912862186124,0.554618356622274,1.13863202993965,3,Regular Customers
12631,0.99719132727709,0.706395054279679,1.16061921278149,0,Loyal Customers
12632,1.03000866428659,0.554618356622274,1.11191421038925,3,Regular Customers
12633,0.863862787100884,0.625800285598644,1.16794401633068,0,Loyal Customers
12634,1.03533327505373,0.554618356622274,1.08976897924612,3,Regular Customers
12635,0.905894483417168,0.554618356622274,1.12975698592462,3,Regular Customers
12636,1.07684922854372,0.423035857164402,1.02402166385738,1,At Risk Customers
12637,0.837466628755802,0.672502967079056,1.15281078475797,0,Loyal Customers
12638,1.06131045286597,0.423035857164402,1.05625724539345,1,At Risk Customers
12639,0.978566837930225,0.554618356622274,1.11303190851456,3,Regular Customers
12643,0.87912862186124,0.732568747710418,1.17935649387984,0,Loyal Customers
12644,0.974393832083351,0.625800285598644,1.13560521227334,3,Regular Customers
12645,0.945680643631524,0.672502967079056,1.14334201969268,0,Loyal Customers
12647,0.625800285598644,0.902628441245975,1.21110269968353,2,VIP Customers
12648,0.981506595544463,0.625800285598644,1.11132956756035,3,Regular Customers
12649,0.863862787100884,0.706395054279679,1.14129835264701,0,Loyal Customers
12651,0.837466628755802,0.625800285598644,1.05912628585371,3,Regular Customers
12652,0.978566837930225,0.423035857164402,1.00069435451738,1,At Risk Customers
12653,1.03221023266022,0.423035857164402,1.14709685335957,3,Regular Customers
12655,0.966272952906034,0.423035857164402,1.05864584731503,1,At Risk Customers
12656,0.968711214153241,0.625800285598644,1.15398865008064,3,Regular Customers
12661,0.980543622089699,0.423035857164402,1.03221023266022,1,At Risk Customers
12662,0.786047879585602,0.798927899057388,1.16407430942949,0,Loyal Customers
12663,1.05837326728565,0.554618356622274,1.05399003856112,1,At Risk Customers
12664,1.02770161610933,0.554618356622274,1.12801442199969,3,Regular Customers
12665,0.958289233840266,0.554618356622274,1.05642693045217,1,At Risk Customers
12666,0.912001235290911,0.423035857164402,1.12998639808243,3,Regular Customers
12668,0.837466628755802,0.732568747710418,1.19266353360939,0,Loyal Customers
12670,0.87912862186124,0.554618356622274,1.10969148965201,3,Regular Customers
12671,1.05456779374899,0.423035857164402,1.15780192234961,3,Regular Customers
12672,1.05207055402861,0.423035857164402,1.04717959780588,1,At Risk Customers
12673,0.92987564040383,0.423035857164402,1.10047608308874,1,At Risk Customers
12675,1.04102032270484,0.554618356622274,1.11921079448959,3,Regular Customers
12676,0.943907056186028,0.706395054279679,1.13746778200364,0,Loyal Customers
12677,1.04161151113307,0.554618356622274,1.07952721206802,3,Regular Customers
12678,0.810237201722229,0.786047879585602,1.21554976172192,0,Loyal Customers
12681,0.625800285598644,0.891821261528334,1.21625064858673,2,VIP Customers
12682,0.423035857164402,0.887827694546274,1.20568482535445,2,VIP Customers
12683,0.423035857164402,0.771164660636414,1.17407506875619,2,VIP Customers
12686,0.753653330845511,0.423035857164402,0.995100457446875,1,At Risk Customers
12687,1.01207891477636,0.554618356622274,1.15047644175701,3,Regular Customers
12691,0.96241498725723,0.423035857164402,1.02122595296742,1,At Risk Customers
12692,1.06093007529128,0.423035857164402,1.00928122253,1,At Risk Customers
12693,0.917610260115658,0.625800285598644,1.11408875637612,3,Regular Customers
12694,0.96372913748031,0.423035857164402,1.11991559805417,3,Regular Customers
12695,1.03292215867518,0.625800285598644,1.11296752839026,3,Regular Customers
12696,0.978566837930225,0.554618356622274,1.11432786782912,3,Regular Customers
12698,1.05088765459954,0.423035857164402,1.07209475212444,1,At Risk Customers
12699,0.958289233840266,0.423035857164402,1.10179577600835,1,At Risk Customers
12701,1.03327417821402,0.672502967079056,1.14078540487601,3,Regular Customers
12703,1.060159195571,0.625800285598644,1.10728836498313,3,Regular Customers
12705,0.869294239284948,0.706395054279679,1.17892061139762,0,Loyal Customers
12708,0.672502967079056,0.786047879585602,1.15751319529043,2,VIP Customers
12709,0.554618356622274,0.874369583994872,1.22201499060893,2,VIP Customers
12711,1.05565816398385,0.554618356622274,1.13275297905472,3,Regular Customers
12712,0.423035857164402,0.798927899057388,1.16007832225823,2,VIP Customers
12714,0.891821261528334,0.753653330845511,1.19911321770442,0,Loyal Customers
12717,1.05088765459954,0.423035857164402,1.06186175799567,1,At Risk Customers
12720,0.706395054279679,0.732568747710418,1.15580107841538,2,VIP Customers
12721,0.87912862186124,0.554618356622274,1.13327368980733,3,Regular Customers
12724,0.869294239284948,0.625800285598644,1.13116438128294,3,Regular Customers
12725,0.753653330845511,0.672502967079056,1.15258577558384,0,Loyal Customers
12726,0.887827694546274,0.672502967079056,1.13464683004044,0,Loyal Customers
12727,0.986087311088335,0.625800285598644,1.14192044264788,3,Regular Customers
12728,0.869294239284948,0.423035857164402,1.05272879478794,1,At Risk Customers
12730,1.03038267286013,0.423035857164402,1.1131849319005,1,At Risk Customers
12731,0.986087311088335,0.706395054279679,1.1897011350391,0,Loyal Customers
12733,0.895607189939859,0.625800285598644,1.14875899166351,3,Regular Customers
12734,0.798927899057388,0.554618356622274,1.09333733044825,3,Regular Customers
12737,1.02095555902629,0.554618356622274,1.16978107208724,3,Regular Customers
12738,0.771164660636414,0.423035857164402,1.02976399152289,1,At Risk Customers
12739,0.87912862186124,0.554618356622274,1.1422494780926,3,Regular Customers
12741,1.03327417821402,0.554618356622274,1.08085316491663,3,Regular Customers
12742,1.05857534099645,0.423035857164402,1.1284615018505,3,Regular Customers
12744,0.999300056856555,0.672502967079056,1.17260958530662,0,Loyal Customers
12745,1.01521490604918,0.625800285598644,1.11780384121798,3,Regular Customers
12746,1.03698332858472,0.423035857164402,1.05725531493934,1,At Risk Customers
12747,0.706395054279679,0.851732346927839,1.18000628295905,2,VIP Customers
12748,0.423035857164402,1.02527937775687,1.22367577666387,2,VIP Customers
12749,0.925237402907562,0.672502967079056,1.16019029120288,0,Loyal Customers
12751,0.987818703754018,0.423035857164402,1.06001702638718,1,At Risk Customers
12755,0.423035857164402,0.798927899057388,1.18099329009084,2,VIP Customers
12758,0.999300056856555,0.706395054279679,1.19072414182368,0,Loyal Customers
12759,0.883605064784244,0.706395054279679,1.16770285470485,0,Loyal Customers
12760,0.996469488897356,0.423035857164402,1.07326206309011,1,At Risk Customers
12761,0.997903547828628,0.554618356622274,1.11073158146107,3,Regular Customers
12763,0.706395054279679,0.423035857164402,1.06909790368638,1,At Risk Customers
12765,1.00757357875508,0.732568747710418,1.13462132369952,0,Loyal Customers
12766,0.554618356622274,0.625800285598644,1.16341236007477,2,VIP Customers
12767,0.810237201722229,0.423035857164402,1.11888741493275,3,Regular Customers
12768,0.992707283229087,0.423035857164402,1.03455105933307,1,At Risk Customers
12770,0.99719132727709,0.423035857164402,1.1460170616927,3,Regular Customers
12771,1.01470552770037,0.423035857164402,1.06267119794816,1,At Risk Customers
12773,1.04418217941689,0.423035857164402,1.01634255072821,1,At Risk Customers
12774,1.03533327505373,0.423035857164402,1.00179049231767,1,At Risk Customers
12775,0.891821261528334,0.554618356622274,1.06581626976716,3,Regular Customers
12776,1.06631143806607,0.423035857164402,0.961746848332888,1,At Risk Customers
12777,0.997903547828628,0.423035857164402,1.09247639689275,1,At Risk Customers
12778,0.917610260115658,0.625800285598644,1.11904577278704,3,Regular Customers
12779,0.753653330845511,0.753653330845511,1.15936032352549,0,Loyal Customers
12780,1.05276559208806,0.423035857164402,1.07174775113326,1,At Risk Customers
12782,0.798927899057388,0.732568747710418,1.15291218691704,0,Loyal Customers
12784,1.03327417821402,0.423035857164402,1.12940623722362,3,Regular Customers
12785,1.03533327505373,0.554618356622274,1.11103179650946,3,Regular Customers
12786,1.05522522835433,0.423035857164402,1.10761907064839,1,At Risk Customers
12787,0.952308580694242,0.423035857164402,1.07994523800608,1,At Risk Customers
12788,1.0019873653802,0.672502967079056,1.08522579592051,3,Regular Customers
12789,1.02690751855022,0.554618356622274,1.0387339806993,1,At Risk Customers
12790,0.947405270060277,0.423035857164402,1.05975484641208,1,At Risk Customers
12791,0.786047879585602,0.732568747710418,1.11489927143766,0,Loyal Customers
12792,1.03499623721457,0.423035857164402,1.08320937231042,1,At Risk Customers
12793,0.753653330845511,0.554618356622274,1.08800264688129,3,Regular Customers
12796,1.05917602961924,0.423035857164402,1.07775717033421,1,At Risk Customers
12797,0.423035857164402,0.554618356622274,1.0952719653186,2,VIP Customers
12798,0.96372913748031,0.423035857164402,1.13802822507581,3,Regular Customers
12799,1.03327417821402,0.423035857164402,1.04926460810945,1,At Risk Customers
12800,1.006382923783,0.625800285598644,1.09784344135079,3,Regular Customers
12801,1.02185118922711,0.423035857164402,1.1238554866142,3,Regular Customers
12802,0.986087311088335,0.732568747710418,1.14780707525753,0,Loyal Customers
12803,0.909014982122063,0.423035857164402,1.12464360688049,3,Regular Customers
12804,1.0032813507728,0.554618356622274,1.06992505615446,3,Regular Customers
12805,0.85802782528634,0.672502967079056,1.13545323497414,0,Loyal Customers
12806,0.979563883308144,0.672502967079056,1.16108223802041,0,Loyal Customers
12807,0.869294239284948,0.423035857164402,1.07068919143569,1,At Risk Customers
12808,0.672502967079056,0.625800285598644,1.08275579269559,2,VIP Customers
12809,1.04445915654612,0.554618356622274,1.1305606258467,3,Regular Customers
12810,1.03499623721457,0.554618356622274,1.09383289185367,3,Regular Customers
12811,0.837466628755802,0.554618356622274,1.09244084988095,3,Regular Customers
12813,1.02229299562842,0.625800285598644,1.14167405433053,3,Regular Customers
12817,0.925237402907562,0.554618356622274,1.09296103554355,3,Regular Customers
12819,0.998606382916698,0.423035857164402,1.09430441933252,1,At Risk Customers
12820,0.920250163124061,0.753653330845511,1.14297909144814,0,Loyal Customers
12821,1.05565816398385,0.423035857164402,1.01820573668956,1,At Risk Customers
12823,0.912001235290911,0.829304666300179,1.17789780081343,0,Loyal Customers
12825,1.03038267286013,0.554618356622274,1.09240349065858,3,Regular Customers
12826,0.423035857164402,0.732568747710418,1.13667728091399,2,VIP Customers
12829,1.04011919575166,0.423035857164402,0.997405992582357,1,At Risk Customers
12831,1.0019873653802,0.554618356622274,1.05323666952614,1,At Risk Customers
12835,0.97105164486998,0.93826565414555,1.18541320466487,0,Loyal Customers
12836,0.895607189939859,0.810237201722229,1.17187208232792,0,Loyal Customers
12837,1.04555064623526,0.423035857164402,1.09327733224169,1,At Risk Customers
12838,0.786047879585602,0.786047879585602,1.15876226452777,0,Loyal Customers
12839,0.625800285598644,0.829304666300179,1.17604401769051,2,VIP Customers
12840,0.981506595544463,0.625800285598644,1.13204649271422,3,Regular Customers
12841,0.706395054279679,0.85802782528634,1.16753997472426,2,VIP Customers
12842,0.936268254134964,0.554618356622274,1.1116008549553,3,Regular Customers
12843,0.863862787100884,0.883605064784244,1.17883637191838,0,Loyal Customers
12844,0.986087311088335,0.554618356622274,1.06950021180311,3,Regular Customers
12846,1.0687681874899,0.423035857164402,0.848934757694984,1,At Risk Customers
12847,0.887827694546274,0.423035857164402,1.10975458690481,3,Regular Customers
12848,1.0676393418573,0.423035857164402,1.04635252010759,1,At Risk Customers
12849,0.85802782528634,0.672502967079056,1.14860121009311,0,Loyal Customers
12850,0.98866440976494,0.423035857164402,1.07063593773727,1,At Risk Customers
12851,1.0104353962562,0.423035857164402,1.02728633376274,1,At Risk Customers
12853,0.97105164486998,0.706395054279679,1.14708584977696,0,Loyal Customers
12854,1.04334110028754,0.672502967079056,1.14092380251783,3,Regular Customers
12855,0.771164660636414,0.672502967079056,1.09999241884131,0,Loyal Customers
12857,0.980543622089699,0.672502967079056,1.1572451290911,0,Loyal Customers
12858,0.869294239284948,0.423035857164402,1.02661441106096,1,At Risk Customers
12859,0.998606382916698,0.423035857164402,1.09712937002816,1,At Risk Customers
12860,1.07048341200047,0.423035857164402,0.960001500545489,1,At Risk Customers
12861,1.05734870723575,0.423035857164402,0.976778643961922,1,At Risk Customers
12862,0.968711214153241,0.554618356622274,1.12037724090024,3,Regular Customers
12863,0.84490704589724,0.706395054279679,1.15265894104948,0,Loyal Customers
12864,1.02527937775687,0.423035857164402,1.02865699683537,1,At Risk Customers
12865,0.837466628755802,0.554618356622274,1.14315227608401,3,Regular Customers
12866,1.00873744999341,0.554618356622274,1.10383851699723,3,Regular Customers
12867,0.920250163124061,0.732568747710418,1.17075742076591,0,Loyal Customers
12868,0.786047879585602,0.625800285598644,1.10192726313151,3,Regular Customers
12869,1.06860875158068,0.423035857164402,1.07178776572986,1,At Risk Customers
12870,0.810237201722229,0.625800285598644,1.14142986439313,0,Loyal Customers
12871,0.98338429212101,0.423035857164402,1.07543240346654,1,At Risk Customers
12872,0.423035857164402,0.810237201722229,1.16323065644797,2,VIP Customers
12873,0.920250163124061,0.554618356622274,1.14089120974931,3,Regular Customers
12874,0.87912862186124,0.554618356622274,1.11882615135609,3,Regular Customers
12875,1.00698166971579,0.625800285598644,1.12157824904134,3,Regular Customers
12876,0.912001235290911,0.554618356622274,1.14539855601637,3,Regular Customers
12877,0.92987564040383,0.771164660636414,1.13467093236615,0,Loyal Customers
12880,0.85802782528634,0.554618356622274,1.1019362904204,3,Regular Customers
12887,0.869294239284948,0.423035857164402,1.05001627185177,1,At Risk Customers
12889,0.85802782528634,0.672502967079056,1.07832536855639,3,Regular Customers
12890,0.887827694546274,0.423035857164402,1.07052922777327,1,At Risk Customers
12891,0.998606382916698,0.771164660636414,1.09158242074117,3,Regular Customers
12892,0.917610260115658,0.423035857164402,1.05905256113581,1,At Risk Customers
12894,1.04714055168876,0.423035857164402,1.03051289199032,1,At Risk Customers
12897,0.85802782528634,0.554618356622274,1.06541699903785,3,Regular Customers
12898,1.0019873653802,0.554618356622274,1.06515104546631,3,Regular Customers
12899,0.952308580694242,0.423035857164402,1.07584027240758,1,At Risk Customers
12900,0.965014756302866,0.423035857164402,1.07217995448439,1,At Risk Customers
12903,0.972187368078744,0.423035857164402,1.1134035878634,3,Regular Customers
12905,1.04740022867383,0.554618356622274,1.12176657423789,3,Regular Customers
12907,0.914863320248503,0.554618356622274,1.09152876409747,3,Regular Customers
12908,0.851732346927839,0.625800285598644,1.12207076933502,3,Regular Customers
12909,0.967504775196054,0.625800285598644,1.11776370467178,3,Regular Customers
12910,0.84490704589724,0.706395054279679,1.15911000285107,0,Loyal Customers
12911,1.0404215144188,0.423035857164402,1.14085490649332,3,Regular Customers
12913,0.672502967079056,0.786047879585602,1.17405171553424,2,VIP Customers
12914,0.927597350695399,0.423035857164402,1.05040078958541,1,At Risk Customers
12915,0.771164660636414,0.625800285598644,1.11224277989476,3,Regular Customers
12916,0.986087311088335,0.625800285598644,1.1380505073081,3,Regular Customers
12917,0.927597350695399,0.706395054279679,1.17027320622384,0,Loyal Customers
12918,1.05877648740131,0.423035857164402,1.20365977341329,3,Regular Customers
12920,1.0460867889468,0.625800285598644,1.06969059752918,3,Regular Customers
12921,0.554618356622274,0.93420673023127,1.21964228627003,2,VIP Customers
12923,0.899204137093441,0.554618356622274,1.09886197015565,3,Regular Customers
12924,0.909014982122063,0.771164660636414,1.13807352490957,0,Loyal Customers
12925,1.05136456149821,0.423035857164402,0.925906725344674,1,At Risk Customers
12926,0.949083336953801,0.672502967079056,1.1377788480138,0,Loyal Customers
12927,0.912001235290911,0.423035857164402,1.04342872678309,1,At Risk Customers
12928,0.837466628755802,0.753653330845511,1.15219120545219,0,Loyal Customers
12931,0.851732346927839,0.940202458817879,1.24423165776896,0,Loyal Customers
12932,1.03665790244122,0.771164660636414,1.14191443348051,0,Loyal Customers
12933,0.851732346927839,0.706395054279679,1.12219442220732,0,Loyal Customers
12934,1.07658609632343,0.423035857164402,1.03878082215246,1,At Risk Customers
12935,0.810237201722229,0.771164660636414,1.14951072382128,0,Loyal Customers
12937,1.0019873653802,0.706395054279679,1.13948463656777,0,Loyal Customers
12939,0.84490704589724,0.820286244339271,1.2100513041646,0,Loyal Customers
12941,1.07497109865237,0.423035857164402,1.07730440702902,1,At Risk Customers
12942,0.423035857164402,0.423035857164402,1.05811935899668,2,VIP Customers
12943,1.04248439263064,0.554618356622274,1.09038280413843,3,Regular Customers
12945,1.06441546129524,0.423035857164402,1.08439125835696,1,At Risk Customers
12946,0.980543622089699,0.423035857164402,1.0697823622824,1,At Risk Customers
12947,0.786047879585602,0.423035857164402,1.06648642243123,1,At Risk Customers
12948,1.07578648051123,0.554618356622274,1.05682314115106,1,At Risk Customers
12949,0.863862787100884,0.837466628755802,1.20471743544559,0,Loyal Customers
12951,0.883605064784244,0.786047879585602,1.15065915316782,0,Loyal Customers
12953,1.03075379565817,0.423035857164402,1.09061263795384,1,At Risk Customers
12954,1.06112068022387,0.423035857164402,1.03237134360617,1,At Risk Customers
12956,1.06908526967778,0.625800285598644,1.08176451579777,3,Regular Customers
12957,1.03730652062128,0.706395054279679,1.17753489934332,0,Loyal Customers
12958,0.927597350695399,0.554618356622274,1.08755123915695,3,Regular Customers
12959,1.01419096769647,0.423035857164402,1.02807430938422,1,At Risk Customers
12960,0.952308580694242,0.672502967079056,1.13225151141492,3,Regular Customers
12961,0.84490704589724,0.423035857164402,1.04739763922535,1,At Risk Customers
12963,0.423035857164402,0.706395054279679,1.14293122833072,2,VIP Customers
12964,0.981506595544463,0.423035857164402,1.02015379426782,1,At Risk Customers
12967,0.753653330845511,0.554618356622274,1.15811801959162,0,Loyal Customers
12969,1.05367580415838,0.423035857164402,1.0154424612378,1,At Risk Customers
12970,0.851732346927839,0.732568747710418,1.12294409810395,0,Loyal Customers
12971,0.554618356622274,0.920250163124061,1.17817685379848,2,VIP Customers
12972,0.952308580694242,0.672502967079056,1.12709416128406,3,Regular Customers
12973,0.952308580694242,0.423035857164402,1.07833675382085,1,At Risk Customers
12974,1.04445915654612,0.423035857164402,1.05920584875035,1,At Risk Customers
12975,0.980543622089699,0.732568747710418,1.149807107195,0,Loyal Customers
12976,0.837466628755802,0.753653330845511,1.15490773573349,0,Loyal Customers
12977,1.02229299562842,0.625800285598644,1.08827934854191,3,Regular Customers
12978,0.87912862186124,0.706395054279679,1.15614303520023,0,Loyal Customers
12979,1.07565169388558,0.423035857164402,1.09232063926986,1,At Risk Customers
12980,0.883605064784244,0.820286244339271,1.19743401094053,0,Loyal Customers
12982,0.912001235290911,0.753653330845511,1.15395215568963,0,Loyal Customers
12983,1.05276559208806,0.423035857164402,1.08977659245833,1,At Risk Customers
12986,0.972187368078744,0.798927899057388,1.15921795688669,0,Loyal Customers
12987,0.96241498725723,0.625800285598644,1.10908144464771,3,Regular Customers
12989,0.967504775196054,0.863862787100884,1.18854322343156,0,Loyal Customers
12990,0.958289233840266,0.672502967079056,1.09476609738811,3,Regular Customers
12991,0.895607189939859,0.423035857164402,1.05858743585202,1,At Risk Customers
12992,1.07510811504627,0.423035857164402,0.998150596057495,1,At Risk Customers
12993,0.98866440976494,0.672502967079056,1.11397662785963,3,Regular Customers
12996,0.810237201722229,0.423035857164402,1.07434886342172,1,At Risk Customers
12997,0.912001235290911,0.672502967079056,1.11588793148691,3,Regular Customers
12998,1.01816751885054,0.625800285598644,1.1175627963685,3,Regular Customers
13000,1.07510811504627,0.423035857164402,1.09049041404448,1,At Risk Customers
13001,0.936268254134964,0.874369583994872,1.21121198129162,0,Loyal Customers
13002,0.956848463705964,0.554618356622274,1.06462290880369,3,Regular Customers
13004,0.883605064784244,0.863862787100884,1.18540327366273,0,Loyal Customers
13005,0.975466054775925,0.554618356622274,1.08938451002689,3,Regular Customers
13007,1.0481704779407,0.423035857164402,1.03673946998393,1,At Risk Customers
13008,0.920250163124061,0.554618356622274,1.07796957233594,3,Regular Customers
13009,1.06714621552117,0.423035857164402,1.05276559208806,1,At Risk Customers
13010,0.798927899057388,0.554618356622274,1.0706542037408,3,Regular Customers
13011,0.771164660636414,0.423035857164402,0.954696435913306,1,At Risk Customers
13012,0.97330117724734,0.625800285598644,1.13192024010026,3,Regular Customers
13013,0.753653330845511,0.863862787100884,1.19361005842803,0,Loyal Customers
13014,0.976518532381328,0.423035857164402,1.14640313810916,3,Regular Customers
13015,0.982453320777553,0.732568747710418,1.16517358784389,0,Loyal Customers
13018,0.952308580694242,0.753653330845511,1.15589481778397,0,Loyal Customers
13019,0.84490704589724,0.732568747710418,1.12939394421548,0,Loyal Customers
13020,1.04362317034645,0.554618356622274,1.10043709565016,3,Regular Customers
13021,0.798927899057388,0.771164660636414,1.15265113846938,0,Loyal Customers
13022,0.97330117724734,0.423035857164402,0.973631161339942,1,At Risk Customers
13023,1.03292215867518,0.423035857164402,1.10940222617284,1,At Risk Customers
13024,1.006382923783,0.554618356622274,1.09558398525681,3,Regular Customers
13025,1.07592082925928,0.423035857164402,1.06961735380142,1,At Risk Customers
13026,1.0162184958954,0.672502967079056,1.10932200773284,3,Regular Customers
13027,0.87912862186124,0.829304666300179,1.20193835958962,0,Loyal Customers
13029,0.798927899057388,0.554618356622274,1.10459459055091,3,Regular Customers
13030,0.672502967079056,0.423035857164402,1.08040954824368,3,Regular Customers
13031,0.942081923268111,0.706395054279679,1.16572669600377,0,Loyal Customers
13032,0.905894483417168,0.753653330845511,1.14421770044837,0,Loyal Customers
13033,0.97330117724734,0.423035857164402,0.912001235290911,1,At Risk Customers
13034,0.706395054279679,0.554618356622274,1.06223038260176,3,Regular Customers
13035,0.975466054775925,0.423035857164402,1.08494954260378,1,At Risk Customers
13036,1.06908526967778,0.423035857164402,1.06699715680417,1,At Risk Customers
13037,0.925237402907562,0.786047879585602,1.16290531193308,0,Loyal Customers
13039,1.04942585093474,0.672502967079056,1.12145525480767,3,Regular Customers
13041,0.992707283229087,0.672502967079056,1.11160781205028,3,Regular Customers
13042,1.05276559208806,0.625800285598644,1.13687388467486,3,Regular Customers
13044,1.01816751885054,0.798927899057388,1.17459806471061,0,Loyal Customers
13045,0.92987564040383,0.554618356622274,1.0910462051357,3,Regular Customers
13046,0.99719132727709,0.423035857164402,1.06907579169485,1,At Risk Customers
13047,0.786047879585602,0.85802782528634,1.18300459810312,0,Loyal Customers
13048,0.980543622089699,0.706395054279679,1.15198904189134,0,Loyal Customers
13049,0.895607189939859,0.554618356622274,1.10896948519229,3,Regular Customers
13050,0.554618356622274,0.869294239284948,1.18783064000814,2,VIP Customers
13051,1.047915176518,0.554618356622274,1.02993351262878,1,At Risk Customers
13052,0.96241498725723,0.732568747710418,1.15974627086161,0,Loyal Customers
13053,1.05776140227984,0.423035857164402,1.0179999717206,1,At Risk Customers
13055,0.97330117724734,0.423035857164402,1.12515550936241,3,Regular Customers
13056,1.0404215144188,0.423035857164402,1.04674298476297,1,At Risk Customers
13057,1.03362361622041,0.625800285598644,1.10647369436511,3,Regular Customers
13059,0.952308580694242,0.786047879585602,1.14995105987798,0,Loyal Customers
13063,1.01207891477636,0.423035857164402,1.04084148852849,1,At Risk Customers
13064,1.04011919575166,0.554618356622274,1.09602262022251,3,Regular Customers
13065,0.786047879585602,0.706395054279679,1.12321278282331,0,Loyal Customers
13067,0.945680643631524,0.554618356622274,1.07927457343693,3,Regular Customers
13069,0.706395054279679,0.851732346927839,1.18078831536478,2,VIP Customers
13070,0.999300056856555,0.625800285598644,1.09278165349624,3,Regular Customers
13071,1.05587305448721,0.423035857164402,1.01874719017504,1,At Risk Customers
13073,0.949083336953801,0.554618356622274,1.08225687319324,3,Regular Customers
13074,1.0265055527832,0.672502967079056,1.13389690964559,3,Regular Customers
13076,0.997903547828628,0.423035857164402,1.02158419749389,1,At Risk Customers
13077,0.554618356622274,0.771164660636414,1.15352264620711,2,VIP Customers
13078,0.554618356622274,0.917610260115658,1.21596448050526,2,VIP Customers
13079,0.958289233840266,0.423035857164402,1.04392587832971,1,At Risk Customers
13080,0.92987564040383,0.625800285598644,1.05007733211918,3,Regular Customers
13081,0.753653330845511,0.869294239284948,1.23201079230271,0,Loyal Customers
13082,0.967504775196054,0.820286244339271,1.16988630678005,0,Loyal Customers
13083,0.968711214153241,0.423035857164402,0.996961396769479,1,At Risk Customers
13084,1.01768731722123,0.423035857164402,1.01541722792598,1,At Risk Customers
13085,1.06828806917001,0.732568747710418,1.14832895179817,0,Loyal Customers
13086,0.863862787100884,0.423035857164402,1.08462698805333,1,At Risk Customers
13087,1.07524468002232,0.423035857164402,1.068068612035,1,At Risk Customers
13088,0.958289233840266,0.423035857164402,1.05324804188248,1,At Risk Customers
13089,0.672502967079056,1.00815879292083,1.24763246870309,2,VIP Customers
13090,0.423035857164402,0.829304666300179,1.18081191372024,2,VIP Customers
13091,1.07565169388558,0.554618356622274,1.1475679671508,3,Regular Customers
13092,0.953859785790446,0.753653330845511,1.14110066122302,0,Loyal Customers
13093,0.786047879585602,0.950717079371455,1.24263422661874,0,Loyal Customers
13094,0.672502967079056,0.554618356622274,1.0912447090318,2,VIP Customers
13096,0.912001235290911,0.423035857164402,1.08244254648067,1,At Risk Customers
13097,0.891821261528334,0.863862787100884,1.19161544461264,0,Loyal Customers
13101,1.02095555902629,0.625800285598644,1.09860589108542,3,Regular Customers
13102,0.423035857164402,0.837466628755802,1.18132426710707,2,VIP Customers
13103,0.981506595544463,0.554618356622274,1.08738581003155,3,Regular Customers
13104,0.955372512799918,0.625800285598644,1.09982982028784,3,Regular Customers
13105,0.980543622089699,0.423035857164402,0.980543622089699,1,At Risk Customers
13106,0.952308580694242,0.423035857164402,1.09313784919594,1,At Risk Customers
13107,0.952308580694242,0.706395054279679,1.16988024922773,0,Loyal Customers
13108,0.771164660636414,0.554618356622274,1.10879079514672,3,Regular Customers
13109,1.0404215144188,0.423035857164402,1.07321770951902,1,At Risk Customers
13110,0.981506595544463,0.706395054279679,1.13635675572111,0,Loyal Customers
13111,1.07413936299643,0.423035857164402,1.06938117566251,1,At Risk Customers
13112,1.03730652062128,0.423035857164402,0.877260684472595,1,At Risk Customers
13113,0.554618356622274,0.837466628755802,1.18724395831632,2,VIP Customers
13114,1.07578648051123,0.423035857164402,1.05285286443191,1,At Risk Customers
13115,0.84490704589724,0.732568747710418,1.16474449183039,0,Loyal Customers
13117,0.423035857164402,0.820286244339271,1.14101955723131,2,VIP Customers
13118,0.820286244339271,0.672502967079056,1.12899200119978,0,Loyal Customers
13119,1.06647970550921,0.423035857164402,1.02136059859192,1,At Risk Customers
13123,1.00757357875508,0.554618356622274,1.09133169684877,3,Regular Customers
13124,0.87912862186124,0.423035857164402,1.11595016518306,3,Regular Customers
13125,1.03112207347692,0.423035857164402,1.02715507967749,1,At Risk Customers
13126,0.554618356622274,0.753653330845511,1.14608779826065,2,VIP Customers
13128,1.0597685814372,0.423035857164402,1.05907648546775,1,At Risk Customers
13129,0.994243814213533,0.554618356622274,1.05259284234918,1,At Risk Customers
13131,0.959696320446474,0.672502967079056,1.15216339783249,0,Loyal Customers
13133,0.999300056856555,0.423035857164402,0.996214528951746,1,At Risk Customers
13134,0.932077249682868,0.554618356622274,1.1047140808396,3,Regular Customers
13135,1.01768731722123,0.423035857164402,1.0613955808117,1,At Risk Customers
13136,0.810237201722229,0.771164660636414,1.16938329346497,0,Loyal Customers
13137,0.883605064784244,0.771164660636414,1.17216028769811,0,Loyal Customers
13138,0.771164660636414,0.554618356622274,1.0911575278064,3,Regular Customers
13139,0.981506595544463,0.423035857164402,1.1640721118814,3,Regular Customers
13140,0.554618356622274,0.625800285598644,1.11115444702008,2,VIP Customers
13141,0.87912862186124,0.820286244339271,1.18129080785153,0,Loyal Customers
13143,1.04942585093474,0.423035857164402,1.08073764525983,1,At Risk Customers
13144,0.975466054775925,0.423035857164402,0.893359448002551,1,At Risk Customers
13145,0.771164660636414,0.672502967079056,1.11192057745225,0,Loyal Customers
13148,0.895607189939859,0.837466628755802,1.17839124623576,0,Loyal Customers
13150,1.01419096769647,0.625800285598644,1.08576317297497,3,Regular Customers
13151,1.05857534099645,0.554618356622274,1.12865445885756,3,Regular Customers
13152,0.958289233840266,0.753653330845511,1.15060363463667,0,Loyal Customers
13154,0.925237402907562,0.625800285598644,1.14023106697895,3,Regular Customers
13155,0.672502967079056,0.625800285598644,1.11048245129259,2,VIP Customers
13156,0.87912862186124,0.625800285598644,1.13932126137963,3,Regular Customers
13157,0.945680643631524,0.706395054279679,1.17184477943554,0,Loyal Customers
13158,0.891821261528334,0.423035857164402,1.06700047489262,1,At Risk Customers
13161,1.02185118922711,0.423035857164402,1.07488592056734,1,At Risk Customers
13162,0.851732346927839,0.820286244339271,1.19270913183004,0,Loyal Customers
13163,1.05544222511061,0.423035857164402,0.861869141729819,1,At Risk Customers
13164,1.04555064623526,0.554618356622274,1.0766124852464,3,Regular Customers
13165,0.952308580694242,0.423035857164402,1.08356793041005,1,At Risk Customers
13166,0.953859785790446,0.423035857164402,1.08667495547508,1,At Risk Customers
13167,0.899204137093441,0.423035857164402,1.07121354724665,1,At Risk Customers
13168,1.03762750670487,0.423035857164402,1.094356929629,1,At Risk Customers
13169,1.04362317034645,0.423035857164402,1.01778372665727,1,At Risk Customers
13172,0.927597350695399,0.423035857164402,0.978163047837719,1,At Risk Customers
13173,0.625800285598644,0.798927899057388,1.15170132211241,2,VIP Customers
13174,0.706395054279679,0.798927899057388,1.18851487882627,2,VIP Customers
13175,1.04892787079614,0.554618356622274,1.11329748972103,3,Regular Customers
13177,0.974393832083351,0.423035857164402,1.05177774002494,1,At Risk Customers
13178,0.920250163124061,0.798927899057388,1.19555738839792,0,Loyal Customers
13179,1.05714089911136,0.423035857164402,1.0969089679296,1,At Risk Customers
13180,1.05478802250665,0.423035857164402,0.992785154830636,1,At Risk Customers
13181,0.85802782528634,0.423035857164402,1.0749285314757,1,At Risk Customers
13183,0.912001235290911,0.732568747710418,1.16340955216031,0,Loyal Customers
13187,1.05837326728565,0.625800285598644,1.00598393528036,1,At Risk Customers
13190,1.03826297107665,0.625800285598644,1.0967780254448,3,Regular Customers
13191,1.06476647949265,0.423035857164402,1.03316532989164,1,At Risk Customers
13192,1.03533327505373,0.672502967079056,1.14073791198545,3,Regular Customers
13194,0.96372913748031,0.423035857164402,1.08156167774141,1,At Risk Customers
13195,0.953859785790446,0.423035857164402,1.02217409675712,1,At Risk Customers
13196,0.986959798185287,0.625800285598644,1.13069887045907,3,Regular Customers
13197,1.05522522835433,0.423035857164402,1.07671918801717,1,At Risk Customers
13198,0.887827694546274,0.554618356622274,1.13899328315462,3,Regular Customers
13199,0.554618356622274,0.912001235290911,1.18848749191523,2,VIP Customers
13201,1.02273088350259,0.672502967079056,1.12949442327049,3,Regular Customers
13202,0.912001235290911,0.753653330845511,1.1391706261997,0,Loyal Customers
13203,0.883605064784244,0.732568747710418,1.14365307751594,0,Loyal Customers
13204,1.07592082925928,0.423035857164402,1.11961617008451,3,Regular Customers
13205,0.986959798185287,0.423035857164402,1.16014930436077,3,Regular Customers
13206,0.927597350695399,0.829304666300179,1.19546481930497,0,Loyal Customers
13207,0.993481006020529,0.554618356622274,1.06327255967768,3,Regular Customers
13208,0.991922356299061,0.625800285598644,1.10937493739776,3,Regular Customers
13209,1.02770161610933,0.706395054279679,1.15774002715697,0,Loyal Customers
13211,0.85802782528634,0.753653330845511,1.13776319958683,0,Loyal Customers
13213,0.869294239284948,0.732568747710418,1.15359366264067,0,Loyal Customers
13214,0.958289233840266,0.753653330845511,1.16542768954914,0,Loyal Customers
13215,0.932077249682868,0.423035857164402,0.989165650706704,1,At Risk Customers
13217,1.06423887109107,0.423035857164402,1.0202730547321,1,At Risk Customers
13219,1.05714089911136,0.423035857164402,0.984508477676933,1,At Risk Customers
13220,1.04714055168876,0.423035857164402,1.09224029285053,1,At Risk Customers
13222,1.04765843181748,0.423035857164402,0.994621212872254,1,At Risk Customers
13223,0.966272952906034,0.672502967079056,1.111969354698,3,Regular Customers
13225,0.96372913748031,0.786047879585602,1.20038415724185,0,Loyal Customers
13226,0.909014982122063,0.423035857164402,1.04534796189855,1,At Risk Customers
13230,0.423035857164402,0.85802782528634,1.16739498594638,2,VIP Customers
13233,0.96241498725723,0.554618356622274,1.09683204364513,3,Regular Customers
13234,1.06714621552117,0.554618356622274,1.073075747694,3,Regular Customers
13237,0.887827694546274,0.423035857164402,1.10213503745849,3,Regular Customers
13238,0.974393832083351,0.554618356622274,1.06679759725273,3,Regular Customers
13239,0.981506595544463,0.672502967079056,1.13051368884288,3,Regular Customers
13240,0.423035857164402,0.706395054279679,1.12247639333339,2,VIP Customers
13241,0.949083336953801,0.423035857164402,1.01017306349867,1,At Risk Customers
13242,0.993481006020529,0.672502967079056,1.08349224013301,3,Regular Customers
13243,0.991922356299061,0.672502967079056,1.10159663273699,3,Regular Customers
13245,0.976518532381328,0.423035857164402,1.09581696847766,1,At Risk Customers
13246,0.909014982122063,0.706395054279679,1.13422095442993,0,Loyal Customers
13249,0.92987564040383,0.732568747710418,1.11652415911211,0,Loyal Customers
13250,0.999984786274994,0.554618356622274,1.05695093781182,1,At Risk Customers
13251,0.932077249682868,0.423035857164402,1.05686508253174,1,At Risk Customers
13252,0.912001235290911,0.554618356622274,1.08003998021288,3,Regular Customers
13253,0.974393832083351,0.554618356622274,1.14651748438923,3,Regular Customers
13254,0.820286244339271,0.423035857164402,0.955982007739563,1,At Risk Customers
13255,0.786047879585602,0.554618356622274,1.09116671390921,3,Regular Customers
13257,0.980543622089699,0.423035857164402,1.02760306110548,1,At Risk Customers
13258,0.84490704589724,0.554618356622274,1.07162896468272,3,Regular Customers
13259,0.920250163124061,0.771164660636414,1.12561560711544,0,Loyal Customers
13262,0.895607189939859,0.554618356622274,1.07673891751946,3,Regular Customers
13263,0.909014982122063,0.672502967079056,1.12969418006837,0,Loyal Customers
13264,0.986087311088335,0.423035857164402,1.10726308134631,1,At Risk Customers
13266,0.952308580694242,0.753653330845511,1.15312405600236,0,Loyal Customers
13267,0.554618356622274,0.863862787100884,1.18110417000881,2,VIP Customers
13269,0.706395054279679,0.837466628755802,1.1682445549234,2,VIP Customers
13270,0.554618356622274,0.423035857164402,1.09828546231976,2,VIP Customers
13274,0.945680643631524,0.423035857164402,1.07508759143276,1,At Risk Customers
13275,0.869294239284948,0.554618356622274,1.05386909641801,3,Regular Customers
13276,0.920250163124061,0.625800285598644,1.1316181533112,3,Regular Customers
13277,0.851732346927839,0.625800285598644,1.0593546401966,3,Regular Customers
13278,0.925237402907562,0.625800285598644,1.11631803190316,3,Regular Customers
13280,0.84490704589724,0.672502967079056,1.13703632371415,0,Loyal Customers
13281,0.98338429212101,0.423035857164402,1.07369594753239,1,At Risk Customers
13282,0.940202458817879,0.423035857164402,1.03859317446348,1,At Risk Customers
13283,1.04500814899184,0.554618356622274,1.06219143442673,1,At Risk Customers
13285,1.0532230188715,0.554618356622274,1.1029866253184,3,Regular Customers
13286,1.0532230188715,0.423035857164402,1.10799942584067,1,At Risk Customers
13287,1.05390048335045,0.625800285598644,1.11065696523682,3,Regular Customers
13288,0.986959798185287,0.706395054279679,1.11790286196124,3,Regular Customers
13289,1.07483362805941,0.423035857164402,1.06713794815186,1,At Risk Customers
13290,0.982453320777553,0.423035857164402,1.04651914008171,1,At Risk Customers
13291,0.953859785790446,0.798927899057388,1.16145254660902,0,Loyal Customers
13292,0.955372512799918,0.625800285598644,1.08196750047358,3,Regular Customers
13293,0.905894483417168,0.732568747710418,1.12817504875103,0,Loyal Customers
13294,1.06261611138933,0.423035857164402,1.11248858231857,1,At Risk Customers
13295,0.820286244339271,0.625800285598644,1.11667565519107,3,Regular Customers
13296,0.966272952906034,0.706395054279679,1.10619708558532,3,Regular Customers
13297,0.87912862186124,0.625800285598644,1.15277685830992,0,Loyal Customers
13299,0.966272952906034,0.554618356622274,1.12402142028858,3,Regular Customers
13300,0.891821261528334,0.554618356622274,1.11726845193143,3,Regular Customers
13302,1.03221023266022,0.423035857164402,0.999609279295306,1,At Risk Customers
13303,0.927597350695399,0.423035857164402,0.969564661432177,1,At Risk Customers
13304,0.996469488897356,0.625800285598644,1.11744871801874,3,Regular Customers
13305,0.771164660636414,0.753653330845511,1.14307739970227,0,Loyal Customers
13306,0.974393832083351,0.423035857164402,0.959207581790695,1,At Risk Customers
13307,1.01571919790023,0.554618356622274,1.05803575615187,1,At Risk Customers
13308,1.0523034349406,0.423035857164402,1.06313843541034,1,At Risk Customers
13309,0.905894483417168,0.423035857164402,1.05621046748876,1,At Risk Customers
13310,0.851732346927839,0.554618356622274,1.08122016471129,3,Regular Customers
13312,0.993481006020529,0.423035857164402,1.01658974653148,1,At Risk Customers
13313,1.01153692455007,0.753653330845511,1.14591883143367,0,Loyal Customers
13315,1.06986772639587,0.423035857164402,1.06751823403249,1,At Risk Customers
13316,0.905894483417168,0.732568747710418,1.19113775205265,0,Loyal Customers
13317,0.87912862186124,0.829304666300179,1.17401391088057,0,Loyal Customers
13319,0.423035857164402,0.922790339925867,1.20440276182505,2,VIP Customers
13320,0.978566837930225,0.554618356622274,1.10456870456309,3,Regular Customers
13324,0.972187368078744,0.771164660636414,1.16673566397943,0,Loyal Customers
13326,0.976518532381328,0.423035857164402,1.06257199156,1,At Risk Customers
13327,0.423035857164402,0.837466628755802,1.18672090099132,2,VIP Customers
13329,0.554618356622274,0.753653330845511,1.17487668107655,2,VIP Customers
13330,0.996469488897356,0.625800285598644,1.14093412446492,3,Regular Customers
13331,0.92987564040383,0.423035857164402,1.05885668808052,1,At Risk Customers
13333,0.949083336953801,0.625800285598644,1.12165839013301,3,Regular Customers
13334,1.03566792986984,0.554618356622274,1.15882408584664,3,Regular Customers
13337,1.03888993689051,0.423035857164402,1.13904845602908,3,Regular Customers
13338,1.03730652062128,0.625800285598644,1.14724106834566,3,Regular Customers
13340,0.958289233840266,0.706395054279679,1.20472917435892,0,Loyal Customers
13346,1.00132824164135,0.732568747710418,1.06570012876863,3,Regular Customers
13357,1.01911430491452,0.672502967079056,1.16470352431561,0,Loyal Customers
13359,0.93420673023127,0.423035857164402,1.09932219811489,1,At Risk Customers
13360,0.975466054775925,0.672502967079056,1.13851945083796,3,Regular Customers
13361,1.00757357875508,0.554618356622274,1.13587132713236,3,Regular Customers
13362,0.837466628755802,0.625800285598644,1.15316403403644,0,Loyal Customers
13363,0.945680643631524,0.423035857164402,1.10778925998708,3,Regular Customers
13367,0.975466054775925,0.423035857164402,1.09164598596503,1,At Risk Customers
13368,0.953859785790446,0.554618356622274,1.09053244222457,3,Regular Customers
13369,0.423035857164402,0.423035857164402,1.06719248315221,2,VIP Customers
13370,0.753653330845511,0.423035857164402,1.10915932823633,3,Regular Customers
13371,1.02402166385738,0.554618356622274,1.15307507233225,3,Regular Customers
13373,0.955372512799918,0.625800285598644,1.17450065673632,0,Loyal Customers
13374,0.953859785790446,0.554618356622274,1.08279548669172,3,Regular Customers
13375,0.987818703754018,0.423035857164402,1.12157095443742,3,Regular Customers
13377,0.917610260115658,0.554618356622274,1.13850044464187,3,Regular Customers
13380,0.976518532381328,0.423035857164402,0.970359361233554,1,At Risk Customers
13381,0.84490704589724,0.732568747710418,1.17680049066512,0,Loyal Customers
13382,0.972187368078744,0.672502967079056,1.12721123529302,3,Regular Customers
13383,1.03794631447655,0.423035857164402,1.06669412432504,1,At Risk Customers
13384,0.899204137093441,0.672502967079056,1.15651224053287,0,Loyal Customers
13386,0.953859785790446,0.554618356622274,1.11350175787746,3,Regular Customers
13387,0.958289233840266,0.423035857164402,1.04040343054172,1,At Risk Customers
13388,1.05390048335045,0.423035857164402,1.09149598830842,1,At Risk Customers
13392,1.06796494418334,0.423035857164402,0.996571134159158,1,At Risk Customers
13393,1.04917754625981,0.672502967079056,1.12604936980824,3,Regular Customers
13394,0.84490704589724,0.810237201722229,1.17313139617002,0,Loyal Customers
13395,0.927597350695399,0.554618356622274,1.11533645090835,3,Regular Customers
13397,0.981506595544463,0.706395054279679,1.14076328080886,0,Loyal Customers
13398,0.991125924427997,0.423035857164402,1.04765843181748,1,At Risk Customers
13399,1.00263834077406,0.625800285598644,1.0613861303879,3,Regular Customers
13400,1.04892787079614,0.423035857164402,1.06761155029132,1,At Risk Customers
13402,0.771164660636414,0.625800285598644,1.11728126025058,0,Loyal Customers
13403,0.887827694546274,0.554618356622274,1.02944214924402,1,At Risk Customers
13405,1.01261520652632,0.625800285598644,1.10202159584714,3,Regular Customers
13406,0.97105164486998,0.554618356622274,1.09663945600983,3,Regular Customers
13407,1.047915176518,0.625800285598644,1.1522317411693,3,Regular Customers
13408,0.753653330845511,0.947405270060277,1.22501444432666,0,Loyal Customers
13410,0.909014982122063,0.672502967079056,1.128374283042,0,Loyal Customers
13412,1.05755553880215,0.423035857164402,1.0895159570163,1,At Risk Customers
13413,1.06131045286597,0.732568747710418,1.08354123243611,3,Regular Customers
13414,1.0019873653802,0.625800285598644,1.12504338096703,3,Regular Customers
13415,1.00757357875508,0.672502967079056,1.11079838747194,3,Regular Customers
13416,1.07658609632343,0.423035857164402,1.0514356628264,1,At Risk Customers
13417,1.03920029798607,0.672502967079056,1.12217689794161,3,Regular Customers
13418,0.771164660636414,0.84490704589724,1.18571957654403,0,Loyal Customers
13421,0.940202458817879,0.732568747710418,1.1519128338042,0,Loyal Customers
13423,0.972187368078744,0.423035857164402,1.04868436257162,1,At Risk Customers
13424,0.991922356299061,0.423035857164402,1.09694539375549,1,At Risk Customers
13425,1.02527937775687,0.554618356622274,1.14338673023421,3,Regular Customers
13426,0.863862787100884,0.820286244339271,1.17637686147778,0,Loyal Customers
13427,1.0104353962562,0.625800285598644,1.08292337581882,3,Regular Customers
13428,1.02770161610933,0.554618356622274,1.06164245163926,1,At Risk Customers
13431,0.940202458817879,0.732568747710418,1.14887080672143,0,Loyal Customers
13432,1.0460867889468,0.554618356622274,1.08460206838012,3,Regular Customers
13433,1.02229299562842,0.672502967079056,1.1031785805501,3,Regular Customers
13434,0.87912862186124,0.625800285598644,1.12609106033467,3,Regular Customers
13435,0.820286244339271,0.554618356622274,1.10174905410805,3,Regular Customers
13438,1.03920029798607,0.423035857164402,0.948249980038222,1,At Risk Customers
13439,0.891821261528334,0.554618356622274,1.10605987223991,3,Regular Customers
13440,0.966272952906034,0.753653330845511,1.13144401354686,0,Loyal Customers
13441,0.975466054775925,0.423035857164402,1.08296064764491,1,At Risk Customers
13442,1.06631143806607,0.625800285598644,1.08246198137072,3,Regular Customers
13443,0.991125924427997,0.732568747710418,1.13076420864601,0,Loyal Customers
13444,0.798927899057388,0.554618356622274,1.10044576298563,3,Regular Customers
13445,1.05877648740131,0.423035857164402,1.0545457106928,1,At Risk Customers
13446,0.974393832083351,0.810237201722229,1.17129632041916,0,Loyal Customers
13448,0.786047879585602,0.786047879585602,1.18355796006412,0,Loyal Customers
13450,0.798927899057388,0.753653330845511,1.14939019221466,0,Loyal Customers
13451,0.85802782528634,0.732568747710418,1.17385166114353,0,Loyal Customers
13452,1.00757357875508,0.423035857164402,1.0235094088181,1,At Risk Customers
13453,0.932077249682868,0.423035857164402,1.08301141744161,1,At Risk Customers
13454,1.06168752805318,0.423035857164402,1.0493936483545,1,At Risk Customers
13455,0.554618356622274,0.706395054279679,1.14507339238736,2,VIP Customers
13457,1.06971239027332,0.554618356622274,1.02699550716036,1,At Risk Customers
13458,0.84490704589724,0.554618356622274,1.15331049779998,3,Regular Customers
13459,1.05837326728565,0.554618356622274,1.12706682142223,3,Regular Customers
13461,0.942081923268111,0.625800285598644,1.15902606354048,3,Regular Customers
13462,0.947405270060277,0.672502967079056,1.12111284066488,3,Regular Customers
13464,0.912001235290911,0.706395054279679,1.15498439947834,0,Loyal Customers
13465,0.989497282824003,0.554618356622274,1.11806027842987,3,Regular Customers
13466,0.943907056186028,0.672502967079056,1.10621815049898,3,Regular Customers
13468,0.672502967079056,0.932077249682868,1.19304248393538,2,VIP Customers
13469,1.06388350083781,0.423035857164402,0.989826918150088,1,At Risk Customers
13472,1.0019873653802,0.554618356622274,1.09845628593911,3,Regular Customers
13473,1.04687938522628,0.732568747710418,1.15207674594018,0,Loyal Customers
13474,0.986959798185287,0.554618356622274,1.08244826359488,3,Regular Customers
13476,0.940202458817879,0.625800285598644,1.11286324834439,3,Regular Customers
13477,0.996469488897356,0.706395054279679,1.1334935161371,0,Loyal Customers
13478,1.00577719452483,0.706395054279679,1.15176150104924,0,Loyal Customers
13479,0.994243814213533,0.554618356622274,1.09513450509827,3,Regular Customers
13480,0.956848463705964,0.554618356622274,1.10107176925421,3,Regular Customers
13481,0.798927899057388,0.732568747710418,1.14849425577552,0,Loyal Customers
13482,1.05897671435588,0.423035857164402,1.02826931870308,1,At Risk Customers
13484,0.869294239284948,0.554618356622274,1.08850404414723,3,Regular Customers
13485,0.820286244339271,0.798927899057388,1.15701586642608,0,Loyal Customers
13487,1.02402166385738,0.554618356622274,1.06063682339296,1,At Risk Customers
13488,0.625800285598644,0.810237201722229,1.18850534583328,2,VIP Customers
13490,1.0640615528014,0.423035857164402,1.02934707960943,1,At Risk Customers
13491,0.771164660636414,0.863862787100884,1.16632282568762,0,Loyal Customers
13495,0.672502967079056,0.732568747710418,1.16610439010052,2,VIP Customers
13497,0.672502967079056,0.706395054279679,1.11985608462369,2,VIP Customers
13498,1.07578648051123,0.423035857164402,1.07023514191869,1,At Risk Customers
13500,0.92987564040383,0.423035857164402,1.06572235658088,1,At Risk Customers
13501,1.01521490604918,0.554618356622274,1.13830009438352,3,Regular Customers
13502,0.955372512799918,0.554618356622274,1.08962595858575,3,Regular Customers
13503,1.01153692455007,0.706395054279679,1.14063971164024,0,Loyal Customers
13506,0.706395054279679,0.672502967079056,1.12776155064572,2,VIP Customers
13508,1.06187484379026,0.423035857164402,1.03700926578649,1,At Risk Customers
13509,1.02486371739336,0.423035857164402,1.02140539923958,1,At Risk Customers
13510,0.810237201722229,0.753653330845511,1.15968983660019,0,Loyal Customers
13511,1.06780245488857,0.423035857164402,1.06275552791545,1,At Risk Customers
13512,0.887827694546274,0.625800285598644,1.08702840062326,3,Regular Customers
13513,0.985200844275134,0.554618356622274,1.10047536146284,3,Regular Customers
13514,0.972187368078744,0.625800285598644,1.10353828868144,3,Regular Customers
13515,0.991922356299061,0.554618356622274,1.07694092934905,3,Regular Customers
13516,0.958289233840266,0.423035857164402,1.06508863582309,1,At Risk Customers
13519,0.986087311088335,0.423035857164402,1.04953961459844,1,At Risk Customers
13520,0.753653330845511,0.732568747710418,1.16564557707959,0,Loyal Customers
13523,0.554618356622274,0.554618356622274,1.12623392367275,2,VIP Customers
13526,1.07684922854372,0.554618356622274,1.12780631014766,3,Regular Customers
13527,0.959696320446474,0.706395054279679,1.15309502042382,0,Loyal Customers
13530,1.06035319841327,0.423035857164402,1.080484021119,1,At Risk Customers
13531,0.554618356622274,0.706395054279679,1.13018615469268,2,VIP Customers
13534,0.84490704589724,0.798927899057388,1.14513856640161,0,Loyal Customers
13535,0.932077249682868,0.423035857164402,0.995368168753132,1,At Risk Customers
13537,0.968711214153241,0.554618356622274,1.10697835639736,3,Regular Customers
13538,0.917610260115658,0.706395054279679,1.1445580979641,0,Loyal Customers
13539,0.96241498725723,0.672502967079056,1.11836771881622,3,Regular Customers
13540,1.00454417714874,0.625800285598644,1.10139502660519,3,Regular Customers
13541,0.97105164486998,0.554618356622274,1.1108574256594,3,Regular Customers
13542,0.820286244339271,0.85802782528634,1.17195746109686,0,Loyal Customers
13543,1.06035319841327,0.554618356622274,1.13557907703924,3,Regular Customers
13544,0.949083336953801,0.672502967079056,1.09200185441448,3,Regular Customers
13545,0.899204137093441,0.554618356622274,1.07564224235467,3,Regular Customers
13546,0.863862787100884,0.554618356622274,1.08733017616922,3,Regular Customers
13547,0.943907056186028,0.423035857164402,1.03399814970655,1,At Risk Customers
13548,1.00698166971579,0.423035857164402,1.05023083823241,1,At Risk Customers
13549,0.887827694546274,0.423035857164402,0.993939982609522,1,At Risk Customers
13550,0.869294239284948,0.423035857164402,1.07250448077185,1,At Risk Customers
13551,1.06614250502265,0.423035857164402,1.02863768651684,1,At Risk Customers
13552,0.972187368078744,0.798927899057388,1.1648402944789,0,Loyal Customers
13553,1.06747560063057,0.423035857164402,1.09067221246318,1,At Risk Customers
13554,0.851732346927839,0.753653330845511,1.14033656610897,0,Loyal Customers
13555,0.837466628755802,0.786047879585602,1.17824524440268,0,Loyal Customers
13556,0.97330117724734,0.554618356622274,1.04440942370954,1,At Risk Customers
13557,0.955372512799918,0.810237201722229,1.15535527495214,0,Loyal Customers
13559,1.02690751855022,0.554618356622274,1.12060207436891,3,Regular Customers
13561,0.920250163124061,0.798927899057388,1.1410798902831,0,Loyal Customers
13562,0.92987564040383,0.706395054279679,1.16296202167956,0,Loyal Customers
13564,0.672502967079056,0.925237402907562,1.21321318467224,2,VIP Customers
13565,0.949083336953801,0.423035857164402,1.03652055037013,1,At Risk Customers
13566,0.978566837930225,0.625800285598644,1.11331332211459,3,Regular Customers
13567,0.972187368078744,0.672502967079056,1.12413801052351,3,Regular Customers
13569,0.625800285598644,0.625800285598644,1.09049882327589,2,VIP Customers
13571,0.863862787100884,0.837466628755802,1.155357027719,0,Loyal Customers
13573,0.84490704589724,0.672502967079056,1.10009678885281,3,Regular Customers
13574,0.949083336953801,0.423035857164402,1.08066005111044,1,At Risk Customers
13576,0.786047879585602,0.810237201722229,1.17852469650038,0,Loyal Customers
13577,0.863862787100884,0.753653330845511,1.14413255965912,0,Loyal Customers
13578,0.945680643631524,0.423035857164402,1.02677122233729,1,At Risk Customers
13579,0.706395054279679,0.672502967079056,1.12386232136039,2,VIP Customers
13580,0.940202458817879,0.423035857164402,1.00742623461356,1,At Risk Customers
13581,0.953859785790446,0.423035857164402,1.03239992878425,1,At Risk Customers
13582,0.895607189939859,0.554618356622274,1.0544970892976,3,Regular Customers
13583,1.06828806917001,0.423035857164402,1.10355831225815,1,At Risk Customers
13584,1.02095555902629,0.554618356622274,1.05485387867922,1,At Risk Customers
13585,1.03362361622041,0.625800285598644,1.10489998342071,3,Regular Customers
13586,1.03730652062128,0.423035857164402,1.01782223853705,1,At Risk Customers
13587,0.991922356299061,0.625800285598644,1.11937720942428,3,Regular Customers
13589,0.991922356299061,0.672502967079056,1.1083624654468,3,Regular Customers
13590,0.810237201722229,0.820286244339271,1.17510550533193,0,Loyal Customers
13591,0.979563883308144,0.672502967079056,1.12004829262283,3,Regular Customers
13593,0.887827694546274,0.786047879585602,1.16762596634639,0,Loyal Customers
13594,1.01470552770037,0.423035857164402,1.02200627123741,1,At Risk Customers
13595,1.02848292586304,0.625800285598644,1.11081534336383,3,Regular Customers
13597,0.927597350695399,0.554618356622274,1.07972453569774,3,Regular Customers
13598,1.01958104585161,0.672502967079056,1.09918583156466,3,Regular Customers
13599,0.554618356622274,0.837466628755802,1.17970485497555,2,VIP Customers
13600,1.06035319841327,0.423035857164402,1.06561452943422,1,At Risk Customers
13601,0.905894483417168,0.554618356622274,1.08748373851362,3,Regular Customers
13602,0.85802782528634,0.625800285598644,1.09876246193899,3,Regular Customers
13604,1.06476647949265,0.423035857164402,1.10696439650859,1,At Risk Customers
13605,0.887827694546274,0.554618356622274,1.09276137718966,3,Regular Customers
13607,0.932077249682868,0.423035857164402,1.08016112329033,1,At Risk Customers
13608,1.03698332858472,0.423035857164402,1.05231504724842,1,At Risk Customers
13609,1.05160112921781,0.423035857164402,1.03409132396011,1,At Risk Customers
13610,0.887827694546274,0.753653330845511,1.12188567601484,0,Loyal Customers
13611,0.798927899057388,0.753653330845511,1.15055516744822,0,Loyal Customers
13612,1.05996432564944,0.423035857164402,1.1126189318767,1,At Risk Customers
13613,0.994243814213533,0.706395054279679,1.12261987832167,3,Regular Customers
13614,0.909014982122063,0.554618356622274,1.10872254940179,3,Regular Customers
13615,0.925237402907562,0.753653330845511,1.18465706052191,0,Loyal Customers
13616,1.04528020061692,0.554618356622274,1.06295469877542,1,At Risk Customers
13617,0.943907056186028,0.706395054279679,1.10797934891604,3,Regular Customers
13619,1.03826297107665,0.554618356622274,1.05063282780726,1,At Risk Customers
13620,1.03292215867518,0.423035857164402,1.01006663220423,1,At Risk Customers
13622,1.07093934057288,0.423035857164402,1.10322088087848,1,At Risk Customers
13623,0.851732346927839,0.706395054279679,1.14420815918784,0,Loyal Customers
13624,0.891821261528334,0.423035857164402,1.08701819987924,1,At Risk Customers
13625,1.0523034349406,0.423035857164402,1.06601706317641,1,At Risk Customers
13626,0.84490704589724,0.423035857164402,1.08574632422187,1,At Risk Customers
13627,1.0162184958954,0.554618356622274,1.09959495331691,3,Regular Customers
13628,1.06780245488857,0.423035857164402,1.06749856238735,1,At Risk Customers
13629,0.952308580694242,0.771164660636414,1.18312392847756,0,Loyal Customers
13632,0.912001235290911,0.625800285598644,1.13785219630974,3,Regular Customers
13634,0.798927899057388,0.810237201722229,1.16767471462379,0,Loyal Customers
13635,0.986087311088335,0.625800285598644,1.14666047283868,3,Regular Customers
13639,0.980543622089699,0.423035857164402,1.06795359014266,1,At Risk Customers
13640,1.05565816398385,0.423035857164402,1.08072571733139,1,At Risk Customers
13641,1.06149939993085,0.706395054279679,1.12168789114748,3,Regular Customers
13642,0.976518532381328,0.625800285598644,1.03145841075297,3,Regular Customers
13643,0.863862787100884,0.753653330845511,1.14052241158241,0,Loyal Customers
13646,0.925237402907562,0.554618356622274,1.07006109580951,3,Regular Customers
13647,1.01911430491452,0.672502967079056,1.13431428804154,3,Regular Customers
13648,0.927597350695399,0.771164660636414,1.14333988908623,0,Loyal Customers
13649,0.554618356622274,0.706395054279679,1.13173616926913,2,VIP Customers
13650,0.798927899057388,0.672502967079056,1.13590230762381,0,Loyal Customers
13651,0.85802782528634,0.423035857164402,1.02034172887922,1,At Risk Customers
13652,0.672502967079056,0.625800285598644,1.13653980342638,2,VIP Customers
13653,1.01571919790023,0.423035857164402,1.02856036806708,1,At Risk Customers
13654,0.851732346927839,0.706395054279679,1.1687674309135,0,Loyal Customers
13655,0.798927899057388,0.672502967079056,1.1330009534388,0,Loyal Customers
13656,1.02140539923958,0.554618356622274,1.10582901043472,3,Regular Customers
13658,0.869294239284948,0.672502967079056,1.1666834388618,0,Loyal Customers
13659,0.956848463705964,0.798927899057388,1.16602511376069,0,Loyal Customers
13660,0.927597350695399,0.423035857164402,1.0669207693721,1,At Risk Customers
13661,1.05390048335045,0.423035857164402,1.06990492214185,1,At Risk Customers
13662,0.87912862186124,0.771164660636414,1.13314063999334,0,Loyal Customers
13663,0.851732346927839,0.672502967079056,1.14528377608778,0,Loyal Customers
13665,0.883605064784244,0.625800285598644,1.14220472394408,3,Regular Customers
13666,0.96241498725723,0.554618356622274,0.942543187614371,1,At Risk Customers
13668,0.869294239284948,0.837466628755802,1.18859481611232,0,Loyal Customers
13669,0.942081923268111,0.423035857164402,1.04277173145307,1,At Risk Customers
13671,0.912001235290911,0.423035857164402,1.03586759179316,1,At Risk Customers
13672,1.07578648051123,0.423035857164402,1.05265741369842,1,At Risk Customers
13674,0.976518532381328,0.423035857164402,1.05427541006868,1,At Risk Customers
13676,1.03665790244122,0.554618356622274,1.05498529855907,1,At Risk Customers
13677,0.936268254134964,0.554618356622274,1.09520246819902,3,Regular Customers
13679,1.01864315500103,0.625800285598644,1.06247993044435,3,Regular Customers
13680,1.00698166971579,0.771164660636414,1.19316151925192,0,Loyal Customers
13683,0.997903547828628,0.423035857164402,1.05808879105369,1,At Risk Customers
13684,0.899204137093441,0.625800285598644,1.09338074969756,3,Regular Customers
13686,0.851732346927839,0.554618356622274,1.07169433886475,3,Regular Customers
13687,0.982453320777553,0.423035857164402,1.20601492602403,3,Regular Customers
13688,1.06054634130127,0.423035857164402,1.07704548090449,1,At Risk Customers
13689,0.987818703754018,0.423035857164402,1.07350445724205,1,At Risk Customers
13691,0.917610260115658,0.423035857164402,1.04760175279393,1,At Risk Customers
13692,0.943907056186028,0.554618356622274,1.1402601071155,3,Regular Customers
13693,0.798927899057388,0.786047879585602,1.14823060230292,0,Loyal Customers
13694,0.786047879585602,0.998606382916698,1.26649038016286,0,Loyal Customers
13695,1.04765843181748,0.423035857164402,1.05969003731892,1,At Risk Customers
13696,0.96372913748031,0.625800285598644,1.14838730637833,3,Regular Customers
13698,1.0523034349406,0.554618356622274,1.0859480418352,3,Regular Customers
13699,1.04011919575166,0.423035857164402,1.08634844529195,1,At Risk Customers
13700,0.958289233840266,0.625800285598644,1.07333921169476,3,Regular Customers
13701,0.989497282824003,0.423035857164402,1.03185025321971,1,At Risk Customers
13702,0.98866440976494,0.423035857164402,1.02148593838834,1,At Risk Customers
13703,0.955372512799918,0.423035857164402,1.07003176073077,1,At Risk Customers
13705,0.786047879585602,0.706395054279679,1.13229313940245,0,Loyal Customers
13706,1.05877648740131,0.423035857164402,1.06586740838031,1,At Risk Customers
13707,0.97330117724734,0.625800285598644,1.15693920510913,3,Regular Customers
13709,0.989497282824003,0.706395054279679,1.13046888200826,0,Loyal Customers
13710,0.966272952906034,0.554618356622274,1.07048952365132,3,Regular Customers
13711,0.940202458817879,0.753653330845511,1.13818588147825,0,Loyal Customers
13712,1.05544222511061,0.423035857164402,1.09405444692704,1,At Risk Customers
13713,0.943907056186028,0.625800285598644,1.10834316974039,3,Regular Customers
13714,1.0032813507728,0.423035857164402,1.03197655433652,1,At Risk Customers
13715,0.771164660636414,0.829304666300179,1.19173011182367,0,Loyal Customers
13717,0.997903547828628,0.554618356622274,1.06881431187686,3,Regular Customers
13719,0.909014982122063,0.732568747710418,1.14285432783296,0,Loyal Customers
13721,0.914863320248503,0.423035857164402,1.0487774016961,1,At Risk Customers
13722,0.96241498725723,0.753653330845511,1.16538322702516,0,Loyal Customers
13723,0.905894483417168,0.706395054279679,1.12077784994422,0,Loyal Customers
13724,1.06093007529128,0.423035857164402,1.04766100645831,1,At Risk Customers
13727,1.05565816398385,0.732568747710418,1.10833790552467,3,Regular Customers
13728,0.887827694546274,0.798927899057388,1.14490003319484,0,Loyal Customers
13729,0.979563883308144,0.625800285598644,1.10739352820636,3,Regular Customers
13733,0.947405270060277,0.554618356622274,1.08948529324577,3,Regular Customers
13734,1.02527937775687,0.672502967079056,1.18886056166019,0,Loyal Customers
13735,0.820286244339271,0.786047879585602,1.18969857211649,0,Loyal Customers
13736,0.968711214153241,0.706395054279679,1.14842863712067,0,Loyal Customers
13738,0.917610260115658,0.423035857164402,1.08413111480972,1,At Risk Customers
13739,1.03256752219647,0.423035857164402,0.983660582747801,1,At Risk Customers
13740,0.955372512799918,0.672502967079056,1.12946085536377,3,Regular Customers
13745,1.03888993689051,0.423035857164402,1.08854333328506,1,At Risk Customers
13746,0.952308580694242,0.423035857164402,1.03720656832122,1,At Risk Customers
13747,0.786047879585602,0.554618356622274,1.03492854092183,1,At Risk Customers
13748,0.786047879585602,0.706395054279679,1.13219284816094,0,Loyal Customers
13750,0.851732346927839,0.732568747710418,1.14717150213705,0,Loyal Customers
13752,1.03256752219647,0.423035857164402,1.08066005111044,1,At Risk Customers
13753,1.05276559208806,0.625800285598644,1.13316845022118,3,Regular Customers
13754,0.981506595544463,0.423035857164402,1.03308088917991,1,At Risk Customers
13756,0.625800285598644,0.798927899057388,1.17229034122583,2,VIP Customers
13757,1.06747560063057,0.423035857164402,1.0429290093447,1,At Risk Customers
13758,0.554618356622274,0.798927899057388,1.18659392358138,2,VIP Customers
13760,0.936268254134964,0.625800285598644,1.12404597810223,3,Regular Customers
13761,1.02273088350259,0.672502967079056,1.11576886509935,3,Regular Customers
13762,1.05160112921781,0.672502967079056,1.15093125898395,3,Regular Customers
13763,0.958289233840266,0.554618356622274,1.16783085219267,3,Regular Customers
13764,1.04555064623526,0.625800285598644,1.13449962513714,3,Regular Customers
13765,1.06388350083781,0.423035857164402,1.07397395165314,1,At Risk Customers
13766,1.01958104585161,0.423035857164402,1.04142019971945,1,At Risk Customers
13767,0.706395054279679,0.93420673023127,1.21817424001811,2,VIP Customers
13768,1.07524468002232,0.554618356622274,1.115503120589,3,Regular Customers
13769,0.625800285598644,0.810237201722229,1.16256107123715,2,VIP Customers
13770,0.965014756302866,0.672502967079056,1.11086397958374,3,Regular Customers
13771,1.03465678484363,0.706395054279679,1.16358839933851,0,Loyal Customers
13772,0.927597350695399,0.706395054279679,1.14759393823477,0,Loyal Customers
13773,0.917610260115658,0.554618356622274,1.06606457096614,3,Regular Customers
13775,1.05088765459954,0.423035857164402,1.1230036814932,3,Regular Customers
13776,0.972187368078744,0.554618356622274,1.1007979992962,3,Regular Customers
13777,0.554618356622274,0.92987564040383,1.23170326730736,2,VIP Customers
13778,1.01768731722123,0.625800285598644,1.11871077732841,3,Regular Customers
13779,1.02809384567564,0.423035857164402,1.03189720397871,1,At Risk Customers
13780,0.942081923268111,0.423035857164402,1.07659401477347,1,At Risk Customers
13781,1.05136456149821,0.554618356622274,1.10268289216944,3,Regular Customers
13782,0.994995986631273,0.753653330845511,1.11556314440968,0,Loyal Customers
13783,1.01571919790023,0.672502967079056,1.13823295797468,3,Regular Customers
13784,0.978566837930225,0.625800285598644,1.08549591682008,3,Regular Customers
13785,0.972187368078744,0.672502967079056,1.09447102123145,3,Regular Customers
13786,0.625800285598644,0.732568747710418,1.16396147818833,2,VIP Customers
13787,0.998606382916698,0.672502967079056,1.11726113083241,3,Regular Customers
13788,1.02402166385738,0.423035857164402,0.662317923765663,1,At Risk Customers
13789,0.891821261528334,0.423035857164402,1.05400345631612,1,At Risk Customers
13792,0.965014756302866,0.423035857164402,1.04084148852849,1,At Risk Customers
13793,1.06261611138933,0.423035857164402,0.999984786274994,1,At Risk Customers
13794,1.03888993689051,0.423035857164402,1.01721708267703,1,At Risk Customers
13795,0.891821261528334,0.672502967079056,1.11354440185032,3,Regular Customers
13796,1.02140539923958,0.423035857164402,1.06400821450399,1,At Risk Customers
13797,0.980543622089699,0.625800285598644,1.12771979051785,3,Regular Customers
13798,0.771164660636414,0.959696320446474,1.23774390894591,0,Loyal Customers
13799,0.987818703754018,0.753653330845511,1.15006084511991,0,Loyal Customers
13800,0.974393832083351,0.554618356622274,1.12568341448713,3,Regular Customers
13802,0.798927899057388,0.851732346927839,1.22270773931893,0,Loyal Customers
13803,0.975466054775925,0.554618356622274,1.12347443126357,3,Regular Customers
13804,0.979563883308144,0.554618356622274,1.09694222766221,3,Regular Customers
13807,0.625800285598644,0.625800285598644,1.08272741593159,2,VIP Customers
13809,0.912001235290911,0.554618356622274,1.09293558542458,3,Regular Customers
13813,1.03256752219647,0.672502967079056,1.13445533765276,3,Regular Customers
13814,1.03256752219647,0.423035857164402,1.10449093900138,1,At Risk Customers
13815,0.940202458817879,0.672502967079056,1.16730191164325,0,Loyal Customers
13818,0.97330117724734,0.423035857164402,0.969044597358154,1,At Risk Customers
13819,1.06664731220247,0.625800285598644,1.13721979360803,3,Regular Customers
13820,0.959696320446474,0.625800285598644,1.10280250826041,3,Regular Customers
13821,0.909014982122063,0.672502967079056,1.12074508821542,3,Regular Customers
13823,0.851732346927839,0.706395054279679,1.15532005263932,0,Loyal Customers
13824,0.84490704589724,0.753653330845511,1.14001904904199,0,Loyal Customers
13825,1.05776140227984,0.554618356622274,1.05747085542928,1,At Risk Customers
13829,0.96372913748031,0.423035857164402,1.0039165724299,1,At Risk Customers
13830,1.04867681047647,0.423035857164402,1.03032675655037,1,At Risk Customers
13831,0.706395054279679,0.829304666300179,1.17825967504484,2,VIP Customers
13832,0.965014756302866,0.423035857164402,1.09573292968493,1,At Risk Customers
13833,0.936268254134964,0.423035857164402,1.06853840927878,1,At Risk Customers
13834,1.04740022867383,0.554618356622274,1.06974194815877,3,Regular Customers
13835,1.0296317282857,0.625800285598644,1.05851481661032,3,Regular Customers
13836,0.925237402907562,0.554618356622274,1.10053881209305,3,Regular Customers
13838,0.706395054279679,0.753653330845511,1.12990648602551,2,VIP Customers
13839,1.01521490604918,0.423035857164402,1.02357373343989,1,At Risk Customers
13840,0.956848463705964,0.423035857164402,1.10271079123829,1,At Risk Customers
13842,0.554618356622274,0.798927899057388,1.1522251233615,2,VIP Customers
13843,0.85802782528634,0.423035857164402,1.06904576406764,1,At Risk Customers
13846,0.925237402907562,0.423035857164402,1.08499357083901,1,At Risk Customers
13847,1.07427914718998,0.423035857164402,1.06759355782883,1,At Risk Customers
13848,0.554618356622274,0.732568747710418,1.14945509636965,2,VIP Customers
13849,0.920250163124061,0.625800285598644,1.14672232710892,3,Regular Customers
13851,0.84490704589724,0.706395054279679,1.14717301605094,0,Loyal Customers
13852,1.05544222511061,0.423035857164402,1.04052686390119,1,At Risk Customers
13854,0.423035857164402,0.84490704589724,1.17347537220984,2,VIP Customers
13855,1.02185118922711,0.672502967079056,1.13190070548044,3,Regular Customers
13856,1.0019873653802,0.771164660636414,1.10908259118869,0,Loyal Customers
13857,0.909014982122063,0.732568747710418,1.12105777749927,0,Loyal Customers
13859,1.03327417821402,0.423035857164402,1.06823975697768,1,At Risk Customers
13861,0.97330117724734,0.554618356622274,1.06097971301771,3,Regular Customers
13862,0.895607189939859,0.423035857164402,1.07310877181569,1,At Risk Customers
13863,1.0032813507728,0.625800285598644,1.11817866712823,3,Regular Customers
13864,0.883605064784244,0.423035857164402,1.10345168530648,3,Regular Customers
13869,0.85802782528634,0.732568747710418,1.17904877817524,0,Loyal Customers
13870,0.887827694546274,0.753653330845511,1.16182716085718,0,Loyal Customers
13871,0.972187368078744,0.672502967079056,1.13671820549708,3,Regular Customers
13872,1.03256752219647,0.625800285598644,1.11753964655868,3,Regular Customers
13873,0.869294239284948,0.706395054279679,1.10256904057275,0,Loyal Customers
13874,1.02359515629431,0.732568747710418,1.1373912818389,0,Loyal Customers
13875,0.887827694546274,0.786047879585602,1.1628332732464,0,Loyal Customers
13877,1.006382923783,0.554618356622274,1.07100579645902,3,Regular Customers
13878,1.03920029798607,0.625800285598644,1.12654075081626,3,Regular Customers
13879,1.06243198112698,0.423035857164402,1.07957632570279,1,At Risk Customers
13880,0.625800285598644,0.706395054279679,1.12746200115558,2,VIP Customers
13881,0.810237201722229,0.887827694546274,1.22950622407615,0,Loyal Customers
13883,0.93420673023127,0.798927899057388,1.17132775466943,0,Loyal Customers
13884,0.820286244339271,0.706395054279679,1.12252454982967,0,Loyal Customers
13888,0.936268254134964,0.706395054279679,1.13465846780487,0,Loyal Customers
13889,0.863862787100884,0.706395054279679,1.13902586329592,0,Loyal Customers
13890,0.798927899057388,0.672502967079056,1.12276591317909,0,Loyal Customers
13891,0.837466628755802,0.625800285598644,1.11468851119283,3,Regular Customers
13892,1.0104353962562,0.554618356622274,1.10155597657079,3,Regular Customers
13895,1.02809384567564,0.554618356622274,1.13492145611992,3,Regular Customers
13896,1.05857534099645,0.423035857164402,1.07871446384556,1,At Risk Customers
13897,0.982453320777553,0.554618356622274,1.11421100036032,3,Regular Customers
13898,0.949083336953801,0.423035857164402,1.09344318844154,1,At Risk Customers
13900,0.895607189939859,0.625800285598644,1.11519761421273,3,Regular Customers
13901,0.798927899057388,0.798927899057388,1.16022349022319,0,Loyal Customers
13902,1.05996432564944,0.706395054279679,1.23455498415523,0,Loyal Customers
13903,0.927597350695399,0.423035857164402,1.03343174268929,1,At Risk Customers
13905,1.0760547427666,0.423035857164402,1.06790814360314,1,At Risk Customers
13906,0.945680643631524,0.423035857164402,0.940202458817879,1,At Risk Customers
13907,1.07017669329596,0.423035857164402,1.02220494988986,1,At Risk Customers
13909,0.966272952906034,0.554618356622274,1.0627720080308,3,Regular Customers
13911,0.84490704589724,0.810237201722229,1.14090911682384,0,Loyal Customers
13912,0.966272952906034,0.423035857164402,1.01668828562567,1,At Risk Customers
13913,1.02444449827295,0.423035857164402,0.940620752156151,1,At Risk Customers
13915,0.912001235290911,0.423035857164402,0.979365876522683,1,At Risk Customers
13916,1.0019873653802,0.672502967079056,1.13084648081252,3,Regular Customers
13919,0.967504775196054,0.554618356622274,1.12000849405151,3,Regular Customers
13920,0.975466054775925,0.672502967079056,1.1435662300166,3,Regular Customers
13921,0.932077249682868,0.672502967079056,1.10775005492987,3,Regular Customers
13922,0.981506595544463,0.554618356622274,1.10543576308153,3,Regular Customers
13927,0.981506595544463,0.423035857164402,1.07487079003985,1,At Risk Customers
13929,0.956848463705964,0.786047879585602,1.15819047925129,0,Loyal Customers
13931,0.905894483417168,0.786047879585602,1.17246158018624,0,Loyal Customers
13935,1.0523034349406,0.625800285598644,1.18603703947882,3,Regular Customers
13936,0.863862787100884,0.554618356622274,1.09617069175532,3,Regular Customers
13937,0.932077249682868,0.423035857164402,1.10718591992452,3,Regular Customers
13939,0.975466054775925,0.672502967079056,1.12070232788031,3,Regular Customers
13941,0.771164660636414,0.810237201722229,1.18547884903903,0,Loyal Customers
13942,1.03499623721457,0.423035857164402,1.06908526967778,1,At Risk Customers
13943,1.04765843181748,0.423035857164402,1.0555589628818,1,At Risk Customers
13944,1.06388350083781,0.423035857164402,1.04430148420597,1,At Risk Customers
13945,0.912001235290911,0.554618356622274,1.1144389143151,3,Regular Customers
13946,0.820286244339271,0.625800285598644,1.13203032503798,0,Loyal Customers
13948,0.949083336953801,0.625800285598644,1.08542377954008,3,Regular Customers
13952,0.851732346927839,0.820286244339271,1.19970043639782,0,Loyal Customers
13953,0.945680643631524,0.706395054279679,1.163928484739,0,Loyal Customers
13955,0.810237201722229,0.423035857164402,1.04969988068115,1,At Risk Customers
13957,0.958289233840266,0.625800285598644,1.08662553096761,3,Regular Customers
13958,0.84490704589724,0.771164660636414,1.17767212380309,0,Loyal Customers
13959,0.925237402907562,0.625800285598644,1.08789102400653,3,Regular Customers
13961,0.905894483417168,0.423035857164402,1.09412432916185,1,At Risk Customers
13962,0.979563883308144,0.423035857164402,1.04226771045869,1,At Risk Customers
13963,0.625800285598644,0.837466628755802,1.15384594265571,2,VIP Customers
13964,0.887827694546274,0.554618356622274,1.08458038651116,3,Regular Customers
13965,1.0098756237601,0.625800285598644,1.12087636657076,3,Regular Customers
13966,0.979563883308144,0.423035857164402,1.07817326217974,1,At Risk Customers
13967,0.917610260115658,0.423035857164402,0.9923946735403,1,At Risk Customers
13968,0.966272952906034,0.423035857164402,1.01604928923731,1,At Risk Customers
13969,0.423035857164402,0.863862787100884,1.17443837221327,2,VIP Customers
13970,0.883605064784244,0.554618356622274,1.11406075680181,3,Regular Customers
13971,0.966272952906034,0.732568747710418,1.14629655267161,0,Loyal Customers
13974,1.04892787079614,0.423035857164402,1.0592018740405,1,At Risk Customers
13975,0.909014982122063,0.732568747710418,1.16004860359167,0,Loyal Customers
13976,1.02444449827295,0.625800285598644,1.11344685611275,3,Regular Customers
13977,0.949083336953801,0.423035857164402,1.09250836155591,1,At Risk Customers
13979,0.909014982122063,0.732568747710418,1.15624597077372,0,Loyal Customers
13980,0.98338429212101,0.672502967079056,1.09662030375891,3,Regular Customers
13981,0.955372512799918,0.423035857164402,1.07080914545386,1,At Risk Customers
13982,0.423035857164402,0.732568747710418,1.15626044533962,2,VIP Customers
13983,0.554618356622274,0.798927899057388,1.17604043188603,2,VIP Customers
13984,0.554618356622274,0.771164660636414,1.12592936366051,2,VIP Customers
13985,0.798927899057388,0.753653330845511,1.16205811944374,0,Loyal Customers
13987,0.84490704589724,0.554618356622274,1.1047714296611,3,Regular Customers
13988,0.869294239284948,0.554618356622274,1.09977252570583,3,Regular Customers
13989,1.00263834077406,0.625800285598644,1.10945050044075,3,Regular Customers
13992,0.851732346927839,0.554618356622274,1.02473832787421,1,At Risk Customers
13993,0.84490704589724,0.798927899057388,1.16589789491188,0,Loyal Customers
13995,0.84490704589724,0.786047879585602,1.15622126326969,0,Loyal Customers
13996,0.883605064784244,0.554618356622274,1.11644185027144,3,Regular Customers
13997,1.0296317282857,0.625800285598644,1.07717059335912,3,Regular Customers
13998,0.989497282824003,0.625800285598644,1.09646193299593,3,Regular Customers
13999,0.798927899057388,0.85802782528634,1.18324882838113,0,Loyal Customers
14000,0.953859785790446,0.672502967079056,1.13479008144342,3,Regular Customers
14001,0.786047879585602,0.753653330845511,1.15591706089753,0,Loyal Customers
14003,1.0760547427666,0.423035857164402,1.04672459195431,1,At Risk Customers
14004,0.909014982122063,0.672502967079056,1.14140410159649,0,Loyal Customers
14006,1.03292215867518,0.672502967079056,1.12954020328354,3,Regular Customers
14007,1.02690751855022,0.423035857164402,0.987373743946598,1,At Risk Customers
14008,0.976518532381328,0.423035857164402,1.09154059306288,1,At Risk Customers
14009,1.00132824164135,0.423035857164402,1.08064212372399,1,At Risk Customers
14010,1.04445915654612,0.554618356622274,1.08525246365783,3,Regular Customers
14011,1.01207891477636,0.554618356622274,1.08658120272343,3,Regular Customers
14013,0.851732346927839,0.554618356622274,1.0998980205034,3,Regular Customers
14014,0.820286244339271,0.554618356622274,1.13567113324261,3,Regular Customers
14016,0.917610260115658,0.753653330845511,1.19050914929496,0,Loyal Customers
14017,1.0460867889468,0.423035857164402,1.05177774002494,1,At Risk Customers
14018,1.06243198112698,0.423035857164402,1.07594094396784,1,At Risk Customers
14020,1.0098756237601,0.554618356622274,1.0995047452271,3,Regular Customers
14021,0.798927899057388,0.672502967079056,1.12434045546005,0,Loyal Customers
14022,1.01521490604918,0.423035857164402,1.07387951723724,1,At Risk Customers
14024,0.899204137093441,0.423035857164402,1.06877455246163,1,At Risk Customers
14025,1.00263834077406,0.771164660636414,1.17277495248145,0,Loyal Customers
14026,1.006382923783,0.554618356622274,1.10668959514479,3,Regular Customers
14028,1.04011919575166,0.625800285598644,1.20213454399473,0,Loyal Customers
14030,0.554618356622274,0.837466628755802,1.18457390991369,2,VIP Customers
14031,0.423035857164402,0.902628441245975,1.22503274976272,2,VIP Customers
14032,0.554618356622274,0.732568747710418,1.14561597712091,2,VIP Customers
14033,1.04161151113307,0.423035857164402,1.00841420186767,1,At Risk Customers
14035,0.940202458817879,0.672502967079056,1.13355483465868,3,Regular Customers
14037,1.01098912355426,0.672502967079056,1.1052328042195,3,Regular Customers
14038,0.920250163124061,0.554618356622274,1.13741169909461,3,Regular Customers
14039,1.04714055168876,0.423035857164402,1.01158049609655,1,At Risk Customers
14040,0.883605064784244,0.887827694546274,1.19774456464576,0,Loyal Customers
14042,1.07510811504627,0.423035857164402,1.08382289205118,1,At Risk Customers
14043,1.01768731722123,0.554618356622274,1.0662439449941,3,Regular Customers
14044,0.959696320446474,0.732568747710418,1.1551071417415,0,Loyal Customers
14045,0.786047879585602,0.829304666300179,1.19994945864608,0,Loyal Customers
14047,0.771164660636414,0.798927899057388,1.1618895831387,0,Loyal Customers
14048,0.863862787100884,0.554618356622274,1.07194891887252,3,Regular Customers
14049,0.887827694546274,0.786047879585602,1.19212935351893,0,Loyal Customers
14051,0.554618356622274,0.84490704589724,1.18926701979994,2,VIP Customers
14052,0.899204137093441,0.423035857164402,1.05441298137492,1,At Risk Customers
14053,0.920250163124061,0.554618356622274,1.06781059413018,3,Regular Customers
14055,1.04765843181748,0.554618356622274,1.11140336373983,3,Regular Customers
14057,0.85802782528634,0.706395054279679,1.1504096614889,0,Loyal Customers
14058,1.00132824164135,0.554618356622274,1.08773702792331,3,Regular Customers
14060,0.554618356622274,0.829304666300179,1.16660609059706,2,VIP Customers
14061,1.02486371739336,0.625800285598644,1.11744234435062,3,Regular Customers
14062,0.798927899057388,0.820286244339271,1.21286480068508,0,Loyal Customers
14063,0.982453320777553,0.786047879585602,1.22397377970942,0,Loyal Customers
14064,0.974393832083351,0.798927899057388,1.14661756601488,0,Loyal Customers
14065,0.895607189939859,0.625800285598644,1.11621923410288,3,Regular Customers
14068,1.05390048335045,0.625800285598644,1.13006422007263,3,Regular Customers
14069,1.02770161610933,0.554618356622274,1.05084208415188,1,At Risk Customers
14070,1.06908526967778,0.423035857164402,1.06933723558844,1,At Risk Customers
14072,1.06614250502265,0.423035857164402,1.07900170023504,1,At Risk Customers
14074,1.05817025831518,0.423035857164402,1.04927703184367,1,At Risk Customers
14075,0.93420673023127,0.625800285598644,1.11125724288464,3,Regular Customers
14077,0.914863320248503,0.423035857164402,1.0118952830301,1,At Risk Customers
14078,0.786047879585602,0.672502967079056,1.10195086840808,0,Loyal Customers
14079,1.0687681874899,0.423035857164402,1.05492620777726,1,At Risk Customers
14080,0.952308580694242,0.672502967079056,1.12378934838084,3,Regular Customers
14081,0.706395054279679,0.786047879585602,1.175221312137,2,VIP Customers
14082,0.905894483417168,0.423035857164402,1.05209623029109,1,At Risk Customers
14083,0.753653330845511,0.625800285598644,1.07675732320568,3,Regular Customers
14084,1.02690751855022,0.423035857164402,1.02789812749786,1,At Risk Customers
14085,0.672502967079056,0.851732346927839,1.18328842954048,2,VIP Customers
14086,1.00132824164135,0.423035857164402,0.936166731454723,1,At Risk Customers
14087,0.936268254134964,0.554618356622274,1.1017881092105,3,Regular Customers
14088,0.940202458817879,0.625800285598644,1.20976391545025,0,Loyal Customers
14091,1.0640615528014,0.554618356622274,1.19956895305336,3,Regular Customers
14092,0.798927899057388,0.798927899057388,1.16423101999081,0,Loyal Customers
14094,0.98338429212101,0.423035857164402,1.06776499428438,1,At Risk Customers
14095,1.07469570046116,0.423035857164402,0.622969580229204,1,At Risk Customers
14097,1.01261520652632,0.554618356622274,1.08280228746011,3,Regular Customers
14099,0.810237201722229,0.786047879585602,1.15812763731014,0,Loyal Customers
14101,0.891821261528334,0.753653330845511,1.17217275049239,0,Loyal Customers
14104,0.895607189939859,0.625800285598644,1.09316927646469,3,Regular Customers
14105,0.943907056186028,0.672502967079056,1.17776441410065,0,Loyal Customers
14106,1.07671787238121,0.423035857164402,1.04811953239816,1,At Risk Customers
14107,0.991125924427997,0.672502967079056,1.15107070960623,0,Loyal Customers
14108,1.07592082925928,0.554618356622274,1.08545455987808,3,Regular Customers
14110,0.979563883308144,0.87912862186124,1.19154797365414,0,Loyal Customers
14112,0.993481006020529,0.732568747710418,1.16156925975584,0,Loyal Customers
14113,0.810237201722229,0.820286244339271,1.18119849819454,0,Loyal Customers
14114,0.914863320248503,0.706395054279679,1.12008001475887,0,Loyal Customers
14115,1.02229299562842,0.554618356622274,1.10070414977228,3,Regular Customers
14118,0.972187368078744,0.423035857164402,1.0866461319643,1,At Risk Customers
14119,0.810237201722229,0.554618356622274,1.03931461135154,1,At Risk Customers
14122,0.940202458817879,0.625800285598644,1.07530190336337,3,Regular Customers
14123,1.07618822364698,0.423035857164402,1.08428434438337,1,At Risk Customers
14126,0.987818703754018,0.423035857164402,1.08744944053399,1,At Risk Customers
14127,0.851732346927839,0.625800285598644,1.12808877988373,3,Regular Customers
14128,1.0404215144188,0.423035857164402,1.06347296750226,1,At Risk Customers
14129,0.925237402907562,0.672502967079056,1.13632197625405,0,Loyal Customers
14130,0.810237201722229,0.625800285598644,1.13387196256973,0,Loyal Customers
14131,1.06298203587431,0.423035857164402,1.03439031518707,1,At Risk Customers
14133,1.07618822364698,0.423035857164402,1.06673086926958,1,At Risk Customers
14134,0.863862787100884,0.84490704589724,1.20410755146558,0,Loyal Customers
14135,0.625800285598644,0.810237201722229,1.17931364232425,2,VIP Customers
14136,0.927597350695399,0.706395054279679,1.13894021095593,0,Loyal Customers
14137,1.07078791270066,0.423035857164402,1.07104501651831,1,At Risk Customers
14139,1.01720246882299,0.625800285598644,1.10401960999324,3,Regular Customers
14142,0.786047879585602,0.554618356622274,1.10404325211492,3,Regular Customers
14144,1.01521490604918,0.423035857164402,0.913732787092445,1,At Risk Customers
14145,0.999300056856555,0.625800285598644,1.1710884387272,3,Regular Customers
14146,0.869294239284948,0.753653330845511,1.18124188597648,0,Loyal Customers
14147,0.891821261528334,0.753653330845511,1.14992381457688,0,Loyal Customers
14148,0.953859785790446,0.423035857164402,1.06732604638377,1,At Risk Customers
14151,1.0673112267028,0.554618356622274,1.10457194129096,3,Regular Customers
14152,0.887827694546274,0.706395054279679,1.13382059282939,0,Loyal Customers
14153,1.01367112827448,0.423035857164402,1.05262744574007,1,At Risk Customers
14154,0.85802782528634,0.732568747710418,1.18034850268846,0,Loyal Customers
14156,0.753653330845511,1.0039165724299,1.27518361528568,0,Loyal Customers
14157,0.895607189939859,0.625800285598644,1.09541388033718,3,Regular Customers
14159,0.84490704589724,0.786047879585602,1.16507076736861,0,Loyal Customers
14160,1.05544222511061,0.753653330845511,1.19587313473695,0,Loyal Customers
14161,0.706395054279679,0.706395054279679,1.15121088167632,2,VIP Customers
14163,1.00132824164135,0.423035857164402,1.02719091141876,1,At Risk Customers
14166,1.02402166385738,0.554618356622274,1.05654321178419,1,At Risk Customers
14167,1.00263834077406,0.672502967079056,1.10660326270961,3,Regular Customers
14168,0.96241498725723,0.554618356622274,1.07638100775724,3,Regular Customers
14169,0.974393832083351,0.554618356622274,1.10062085211468,3,Regular Customers
14170,0.810237201722229,0.625800285598644,1.09673984922067,3,Regular Customers
14171,1.07578648051123,0.423035857164402,1.02140539923958,1,At Risk Customers
14172,1.05434646777119,0.625800285598644,1.07619088886963,3,Regular Customers
14173,1.06168752805318,0.554618356622274,1.02147699606197,1,At Risk Customers
14175,0.959696320446474,0.706395054279679,1.1758698474198,0,Loyal Customers
14176,0.625800285598644,0.554618356622274,1.0720005341191,2,VIP Customers
14177,0.85802782528634,0.786047879585602,1.14104996615496,0,Loyal Customers
14180,0.771164660636414,0.786047879585602,1.1389382617313,0,Loyal Customers
14181,0.947405270060277,0.554618356622274,1.06720404220918,3,Regular Customers
14182,0.986959798185287,0.672502967079056,1.10452789778977,3,Regular Customers
14183,0.949083336953801,0.554618356622274,1.06193834723331,3,Regular Customers
14186,0.97105164486998,0.706395054279679,1.13844484449034,0,Loyal Customers
14187,1.00815879292083,0.423035857164402,1.01596946543555,1,At Risk Customers
14189,0.672502967079056,0.554618356622274,1.12706335913639,2,VIP Customers
14190,1.06614250502265,0.423035857164402,0.987733413356621,1,At Risk Customers
14191,0.912001235290911,0.554618356622274,1.02045597524996,1,At Risk Customers
14192,0.891821261528334,0.423035857164402,1.0647210090308,1,At Risk Customers
14193,0.917610260115658,0.423035857164402,1.07452958010755,1,At Risk Customers
14194,0.905894483417168,0.84490704589724,1.19161624084138,0,Loyal Customers
14195,0.98338429212101,0.672502967079056,1.13972962031155,3,Regular Customers
14197,0.947405270060277,0.423035857164402,1.07890202044379,1,At Risk Customers
14198,0.927597350695399,0.706395054279679,1.11513406452323,0,Loyal Customers
14199,0.966272952906034,0.625800285598644,1.11693196903125,3,Regular Customers
14200,1.05693210585141,0.423035857164402,1.07752560698948,1,At Risk Customers
14201,0.945680643631524,0.625800285598644,1.08535363934145,3,Regular Customers
14202,0.85802782528634,0.625800285598644,1.11412122873422,3,Regular Customers
14203,0.920250163124061,0.423035857164402,1.07203441811617,1,At Risk Customers
14204,0.965014756302866,0.625800285598644,1.11541891875468,3,Regular Customers
14205,0.912001235290911,0.753653330845511,1.14703077521112,0,Loyal Customers
14206,0.891821261528334,0.554618356622274,1.11457231300683,3,Regular Customers
14207,1.06955648050618,0.423035857164402,1.03067979999025,1,At Risk Customers
14208,1.0404215144188,0.423035857164402,1.08193740702249,1,At Risk Customers
14209,0.87912862186124,0.786047879585602,1.16157403354072,0,Loyal Customers
14210,0.753653330845511,0.810237201722229,1.17192534675881,0,Loyal Customers
14211,0.949083336953801,0.786047879585602,1.15085430678161,0,Loyal Customers
14212,0.98866440976494,0.423035857164402,1.12562643632633,3,Regular Customers
14213,0.936268254134964,0.423035857164402,1.12815023085826,3,Regular Customers
14215,0.672502967079056,0.672502967079056,1.14027251162021,2,VIP Customers
14216,0.953859785790446,0.423035857164402,1.06759682975197,1,At Risk Customers
14217,0.554618356622274,0.753653330845511,1.13482400715374,2,VIP Customers
14219,0.945680643631524,0.554618356622274,1.09458898491077,3,Regular Customers
14220,1.04500814899184,0.554618356622274,1.1158203501565,3,Regular Customers
14221,0.991922356299061,0.771164660636414,1.16348012005413,0,Loyal Customers
14224,0.899204137093441,0.706395054279679,1.11332455381701,0,Loyal Customers
14225,0.978566837930225,0.672502967079056,1.14858111552707,0,Loyal Customers
14226,0.985200844275134,0.423035857164402,1.11003383939663,3,Regular Customers
14227,0.953859785790446,0.706395054279679,1.16272052642352,0,Loyal Customers
14228,0.981506595544463,0.625800285598644,1.10861936290337,3,Regular Customers
14229,0.93420673023127,0.672502967079056,1.12289378231028,3,Regular Customers
14230,0.979563883308144,0.625800285598644,1.12017458938071,3,Regular Customers
14231,0.992707283229087,0.423035857164402,1.06746083295358,1,At Risk Customers
14233,1.0032813507728,0.625800285598644,1.13563132712138,3,Regular Customers
14235,1.02095555902629,0.672502967079056,1.13899668855212,3,Regular Customers
14236,0.771164660636414,0.672502967079056,1.13015642378766,0,Loyal Customers
14237,0.786047879585602,0.554618356622274,1.0879319224113,3,Regular Customers
14238,1.06546001800065,0.554618356622274,1.06359348515744,1,At Risk Customers
14239,0.975466054775925,0.798927899057388,1.14576736437364,0,Loyal Customers
14240,0.966272952906034,0.423035857164402,1.07457810056791,1,At Risk Customers
14241,1.07093934057288,0.423035857164402,1.01419096769647,1,At Risk Customers
14243,0.423035857164402,0.771164660636414,1.17857752715218,2,VIP Customers
14244,1.06511465088095,0.423035857164402,1.07584296016635,1,At Risk Customers
14247,0.936268254134964,0.672502967079056,1.10028001906711,3,Regular Customers
14248,0.999300056856555,0.554618356622274,1.10773043681424,3,Regular Customers
14249,0.947405270060277,0.820286244339271,1.18208975992625,0,Loyal Customers
14252,0.85802782528634,0.423035857164402,1.0737157555043,1,At Risk Customers
14253,1.01864315500103,0.554618356622274,1.07543511785037,3,Regular Customers
14254,0.976518532381328,0.423035857164402,1.09911933456391,1,At Risk Customers
14255,1.03888993689051,0.423035857164402,1.12104214692192,3,Regular Customers
14256,1.01768731722123,0.625800285598644,1.13695520319832,3,Regular Customers
14257,0.851732346927839,0.672502967079056,1.16078695294474,0,Loyal Customers
14258,0.914863320248503,0.851732346927839,1.21970881839053,0,Loyal Customers
14260,1.00698166971579,0.625800285598644,1.11292936151897,3,Regular Customers
14263,0.966272952906034,0.423035857164402,1.06954554523776,1,At Risk Customers
14264,0.84490704589724,0.672502967079056,1.127853380468,0,Loyal Customers
14265,1.00263834077406,0.554618356622274,1.11389129787407,3,Regular Customers
14266,0.972187368078744,0.423035857164402,0.937394465518046,1,At Risk Customers
14268,1.006382923783,0.423035857164402,1.07425820949843,1,At Risk Customers
14269,0.98338429212101,0.423035857164402,1.06506781240789,1,At Risk Customers
14271,0.945680643631524,0.423035857164402,1.00382810379996,1,At Risk Customers
14272,1.04362317034645,0.554618356622274,1.08908254415972,3,Regular Customers
14274,1.06939999314839,0.423035857164402,1.05767917252183,1,At Risk Customers
14275,0.914863320248503,0.732568747710418,1.12805549010874,0,Loyal Customers
14276,0.942081923268111,0.672502967079056,1.12030673884919,3,Regular Customers
14277,0.949083336953801,0.732568747710418,1.20861706624175,0,Loyal Customers
14278,0.945680643631524,0.423035857164402,1.04577390892099,1,At Risk Customers
14279,1.03000866428659,0.554618356622274,1.04186342378495,1,At Risk Customers
14281,0.943907056186028,0.423035857164402,1.05525784568533,1,At Risk Customers
14282,0.625800285598644,0.810237201722229,1.17328184299616,2,VIP Customers
14283,1.0019873653802,0.672502967079056,1.10111578684889,3,Regular Customers
14284,1.06388350083781,0.423035857164402,1.10615305860005,1,At Risk Customers
14285,1.02730618985159,0.672502967079056,1.13377398015287,3,Regular Customers
14286,0.936268254134964,0.672502967079056,1.17102902077945,0,Loyal Customers
14290,0.952308580694242,0.625800285598644,1.15153346205761,3,Regular Customers
14291,0.851732346927839,0.820286244339271,1.1724698592089,0,Loyal Customers
14292,0.947405270060277,0.753653330845511,1.1751070172044,0,Loyal Customers
14293,0.672502967079056,0.732568747710418,1.15185294319661,2,VIP Customers
14294,0.942081923268111,0.423035857164402,1.07702459181648,1,At Risk Customers
14295,0.982453320777553,0.672502967079056,1.15144754160569,0,Loyal Customers
14296,0.96372913748031,0.554618356622274,1.0864344651875,3,Regular Customers
14298,0.810237201722229,0.932077249682868,1.23837318468297,0,Loyal Customers
14299,0.423035857164402,0.869294239284948,1.20251911169405,2,VIP Customers
14301,0.956848463705964,0.625800285598644,1.13313165471483,3,Regular Customers
14302,0.974393832083351,0.625800285598644,1.10846812050789,3,Regular Customers
14303,0.942081923268111,0.554618356622274,1.06186362763675,3,Regular Customers
14304,0.84490704589724,0.554618356622274,1.13282648019845,3,Regular Customers
14306,0.837466628755802,0.672502967079056,1.12332978371615,0,Loyal Customers
14307,0.786047879585602,0.706395054279679,1.14937235566993,0,Loyal Customers
14308,1.03981490282658,0.554618356622274,1.12660010681846,3,Regular Customers
14309,0.952308580694242,0.554618356622274,1.13527228685571,3,Regular Customers
14310,0.976518532381328,0.423035857164402,1.08996834018324,1,At Risk Customers
14311,1.04500814899184,0.423035857164402,1.04587040796357,1,At Risk Customers
14312,0.837466628755802,0.706395054279679,1.13661645298431,0,Loyal Customers
14314,0.974393832083351,0.423035857164402,1.00862223667111,1,At Risk Customers
14315,1.04418217941689,0.554618356622274,1.10690789639546,3,Regular Customers
14316,0.965014756302866,0.706395054279679,1.13365802187867,0,Loyal Customers
14318,0.999984786274994,0.423035857164402,1.03076118896083,1,At Risk Customers
14319,0.967504775196054,0.423035857164402,1.0902278912248,1,At Risk Customers
14320,1.03888993689051,0.625800285598644,1.11516464057352,3,Regular Customers
14321,0.975466054775925,0.554618356622274,1.10507730328917,3,Regular Customers
14322,0.97330117724734,0.672502967079056,1.0882259439396,3,Regular Customers
14324,0.945680643631524,0.554618356622274,1.10597954498174,3,Regular Customers
14325,1.04555064623526,0.423035857164402,1.05532951942769,1,At Risk Customers
14326,1.0019873653802,0.554618356622274,1.10928838918604,3,Regular Customers
14327,0.863862787100884,0.706395054279679,1.13924264984198,0,Loyal Customers
14328,0.982453320777553,0.423035857164402,1.08524179869447,1,At Risk Customers
14329,0.810237201722229,0.771164660636414,1.17904324347579,0,Loyal Customers
14330,1.05817025831518,0.423035857164402,1.04435686946906,1,At Risk Customers
14332,0.85802782528634,0.554618356622274,1.1240591943891,3,Regular Customers
14334,0.968711214153241,0.672502967079056,1.14338779402251,0,Loyal Customers
14338,1.03566792986984,0.423035857164402,1.07211386428495,1,At Risk Customers
14339,0.972187368078744,0.423035857164402,1.06759846561914,1,At Risk Customers
14341,0.96241498725723,0.798927899057388,1.1528761562473,0,Loyal Customers
14342,0.976518532381328,0.554618356622274,1.05627424326698,1,At Risk Customers
14343,0.96372913748031,0.672502967079056,1.12415194509566,3,Regular Customers
14344,0.625800285598644,0.837466628755802,1.15529049947087,2,VIP Customers
14346,0.968711214153241,0.625800285598644,1.13141109121691,3,Regular Customers
14347,1.07658609632343,0.423035857164402,0.989990993874367,1,At Risk Customers
14350,0.851732346927839,0.554618356622274,1.10519144301901,3,Regular Customers
14353,0.947405270060277,0.554618356622274,1.06332681583885,3,Regular Customers
14355,0.423035857164402,0.625800285598644,1.11373416715604,2,VIP Customers
14358,0.895607189939859,0.554618356622274,1.08013208178153,3,Regular Customers
14361,1.047915176518,0.423035857164402,1.04809658823277,1,At Risk Customers
14363,0.932077249682868,0.554618356622274,1.05123867334155,1,At Risk Customers
14365,0.912001235290911,0.554618356622274,1.10155597657079,3,Regular Customers
14366,1.03185025321971,0.423035857164402,1.02185118922711,1,At Risk Customers
14369,1.06187484379026,0.554618356622274,1.08773101596405,3,Regular Customers
14370,0.992707283229087,0.732568747710418,1.12759488751455,0,Loyal Customers
14372,0.986959798185287,0.554618356622274,1.11473125280679,3,Regular Customers
14374,1.03730652062128,0.423035857164402,1.00757357875508,1,At Risk Customers
14375,0.992707283229087,0.554618356622274,1.11527604771582,3,Regular Customers
14376,1.06892702547233,0.423035857164402,1.04828743606379,1,At Risk Customers
14378,1.05776140227984,0.423035857164402,1.0196970510539,1,At Risk Customers
14379,0.909014982122063,0.554618356622274,1.11742549418447,3,Regular Customers
14380,1.0687681874899,0.423035857164402,0.952245706845767,1,At Risk Customers
14381,0.993481006020529,0.423035857164402,1.08284759666185,1,At Risk Customers
14382,0.899204137093441,0.423035857164402,1.09736809049697,1,At Risk Customers
14384,1.02185118922711,0.423035857164402,0.965647215504496,1,At Risk Customers
14388,0.771164660636414,0.786047879585602,1.16769175764757,0,Loyal Customers
14389,0.967504775196054,0.625800285598644,1.1144587081899,3,Regular Customers
14390,0.771164660636414,0.706395054279679,1.14263211440628,0,Loyal Customers
14391,1.04740022867383,0.423035857164402,1.02167335495832,1,At Risk Customers
14392,0.976518532381328,0.423035857164402,1.05965071221763,1,At Risk Customers
14394,1.04418217941689,0.423035857164402,0.998466555856089,1,At Risk Customers
14395,0.771164660636414,0.820286244339271,1.17712395783902,0,Loyal Customers
14396,0.753653330845511,0.732568747710418,1.13944626801533,0,Loyal Customers
14398,0.92987564040383,0.554618356622274,1.10636280403171,3,Regular Customers
14399,0.912001235290911,0.771164660636414,1.14994828435615,0,Loyal Customers
14400,0.943907056186028,0.554618356622274,1.12697530050759,3,Regular Customers
14401,0.967504775196054,0.786047879585602,1.15940532651278,0,Loyal Customers
14402,1.06370470954918,0.423035857164402,1.06327255967768,1,At Risk Customers
14403,1.05064729056294,0.554618356622274,1.08068991253818,3,Regular Customers
14404,0.706395054279679,0.771164660636414,1.13460634356355,2,VIP Customers
14405,0.883605064784244,0.423035857164402,1.04277173145307,1,At Risk Customers
14408,1.00698166971579,0.672502967079056,1.13725159844938,3,Regular Customers
14409,0.672502967079056,0.706395054279679,1.1418716697626,2,VIP Customers
14410,0.820286244339271,0.554618356622274,1.13797157590413,3,Regular Customers
14412,0.967504775196054,0.423035857164402,1.10303318862216,1,At Risk Customers
14413,0.947405270060277,0.625800285598644,1.10216748541483,3,Regular Customers
14414,0.798927899057388,0.423035857164402,1.11674907497934,3,Regular Customers
14415,0.84490704589724,0.798927899057388,1.18607605110578,0,Loyal Customers
14417,0.887827694546274,0.423035857164402,1.09293558542458,1,At Risk Customers
14419,0.863862787100884,0.423035857164402,1.04496720163826,1,At Risk Customers
14420,0.917610260115658,0.625800285598644,1.13008895889683,3,Regular Customers
14421,1.02690751855022,0.672502967079056,1.14095911307294,3,Regular Customers
14422,0.798927899057388,0.829304666300179,1.18547119589917,0,Loyal Customers
14423,0.981506595544463,0.554618356622274,1.10271147144533,3,Regular Customers
14425,0.978566837930225,0.625800285598644,1.10338426307929,3,Regular Customers
14426,0.93420673023127,0.753653330845511,1.19130095745251,0,Loyal Customers
14427,1.01911430491452,0.554618356622274,1.11664820033502,3,Regular Customers
14429,0.93420673023127,0.423035857164402,1.09219379505851,1,At Risk Customers
14430,1.0265055527832,0.625800285598644,1.12909986531177,3,Regular Customers
14431,0.84490704589724,0.625800285598644,1.1505604429128,0,Loyal Customers
14433,1.0032813507728,0.423035857164402,1.0623765888849,1,At Risk Customers
14435,1.02229299562842,0.423035857164402,0.996046321222626,1,At Risk Customers
14436,1.04102032270484,0.423035857164402,1.03908880515968,1,At Risk Customers
14437,0.423035857164402,0.706395054279679,1.1153765027455,2,VIP Customers
14439,0.986959798185287,0.672502967079056,1.18925692241174,0,Loyal Customers
14440,0.423035857164402,0.786047879585602,1.17454778331591,2,VIP Customers
14441,0.798927899057388,0.753653330845511,1.16132191020402,0,Loyal Customers
14442,0.953859785790446,0.706395054279679,1.17038007829096,0,Loyal Customers
14443,0.672502967079056,0.554618356622274,1.11959946083353,2,VIP Customers
14444,0.99719132727709,0.423035857164402,1.01441801868,1,At Risk Customers
14445,0.996469488897356,0.423035857164402,1.04983259354104,1,At Risk Customers
14446,0.883605064784244,0.423035857164402,1.04129616223141,1,At Risk Customers
14447,0.927597350695399,0.423035857164402,1.09497490336701,1,At Risk Customers
14449,0.771164660636414,0.706395054279679,1.13856260622298,0,Loyal Customers
14450,0.84490704589724,0.672502967079056,1.10228599382183,3,Regular Customers
14451,0.895607189939859,0.798927899057388,1.15769780074539,0,Loyal Customers
14452,0.914863320248503,0.554618356622274,1.08011270926918,3,Regular Customers
14454,0.820286244339271,0.706395054279679,1.12006902096903,0,Loyal Customers
14455,0.976518532381328,0.672502967079056,1.10034741715886,3,Regular Customers
14458,0.851732346927839,0.423035857164402,1.05138116188282,1,At Risk Customers
14459,1.06352517322073,0.423035857164402,1.16817136739828,3,Regular Customers
14460,0.917610260115658,0.732568747710418,1.10323497042035,0,Loyal Customers
14461,0.863862787100884,0.798927899057388,1.17672048043386,0,Loyal Customers
14462,0.976518532381328,0.423035857164402,1.0588246254302,1,At Risk Customers
14463,1.02140539923958,0.423035857164402,1.05775113196854,1,At Risk Customers
14464,1.04528020061692,0.554618356622274,1.00930968367784,1,At Risk Customers
14465,0.972187368078744,0.771164660636414,1.16118454684159,0,Loyal Customers
14466,0.771164660636414,0.753653330845511,1.15425972310167,0,Loyal Customers
14467,0.895607189939859,0.771164660636414,1.13980992964266,0,Loyal Customers
14468,1.07618822364698,0.423035857164402,1.04534525337103,1,At Risk Customers
14469,0.956848463705964,0.672502967079056,1.14969136869303,0,Loyal Customers
14470,0.974393832083351,0.423035857164402,1.05647982358027,1,At Risk Customers
14471,1.05112674073876,0.554618356622274,1.08023967356961,3,Regular Customers
14472,1.06986772639587,0.423035857164402,1.05958180797681,1,At Risk Customers
14474,1.0481704779407,0.423035857164402,1.10657444059422,1,At Risk Customers
14475,0.943907056186028,0.423035857164402,1.05071953470518,1,At Risk Customers
14477,0.980543622089699,0.625800285598644,1.10329127584842,3,Regular Customers
14478,0.863862787100884,0.672502967079056,1.13087282796772,0,Loyal Customers
14479,0.423035857164402,0.625800285598644,1.12030337810214,2,VIP Customers
14480,0.932077249682868,0.625800285598644,1.12184910315817,3,Regular Customers
14481,0.942081923268111,0.625800285598644,1.14077342285583,3,Regular Customers
14482,0.84490704589724,0.732568747710418,1.1528582836137,0,Loyal Customers
14483,1.07658609632343,0.423035857164402,1.01419096769647,1,At Risk Customers
14484,0.92987564040383,0.625800285598644,1.10882544798888,3,Regular Customers
14486,1.0265055527832,0.554618356622274,1.03682089655634,1,At Risk Customers
14487,0.672502967079056,0.554618356622274,1.05086127733703,3,Regular Customers
14489,0.981506595544463,0.625800285598644,1.12533249178342,3,Regular Customers
14490,0.940202458817879,0.554618356622274,1.13077384320415,3,Regular Customers
14491,0.771164660636414,0.423035857164402,1.01778372665727,1,At Risk Customers
14492,0.974393832083351,0.753653330845511,1.1465406523465,0,Loyal Customers
14493,0.899204137093441,0.706395054279679,1.15889112515174,0,Loyal Customers
14494,0.92987564040383,0.554618356622274,1.05875641426494,3,Regular Customers
14495,1.06494091835729,0.423035857164402,0.955372512799918,1,At Risk Customers
14496,0.786047879585602,0.732568747710418,1.15031411443723,0,Loyal Customers
14497,1.0673112267028,0.423035857164402,1.04984240861722,1,At Risk Customers
14498,0.92987564040383,0.706395054279679,1.14695484545148,0,Loyal Customers
14499,0.798927899057388,0.672502967079056,1.13138607332159,0,Loyal Customers
14505,0.936268254134964,0.810237201722229,1.18553283282009,0,Loyal Customers
14506,0.706395054279679,0.625800285598644,1.13024553895369,2,VIP Customers
14507,0.837466628755802,0.706395054279679,1.14509903375793,0,Loyal Customers
14508,0.820286244339271,0.625800285598644,1.09550190247642,3,Regular Customers
14509,1.03499623721457,0.423035857164402,1.00928122253,1,At Risk Customers
14510,0.810237201722229,0.625800285598644,1.12017669754173,3,Regular Customers
14512,0.869294239284948,0.706395054279679,1.11848597683861,0,Loyal Customers
14513,0.980543622089699,0.625800285598644,1.07100277801502,3,Regular Customers
14514,0.980543622089699,0.732568747710418,1.16671876874641,0,Loyal Customers
14515,0.887827694546274,0.732568747710418,1.14075013759117,0,Loyal Customers
14516,1.02848292586304,0.423035857164402,1.02816021020964,1,At Risk Customers
14519,1.06892702547233,0.554618356622274,1.04504633355941,1,At Risk Customers
14521,1.01768731722123,0.423035857164402,1.04402912767859,1,At Risk Customers
14522,1.05207055402861,0.672502967079056,1.11023106038895,3,Regular Customers
14524,0.945680643631524,0.672502967079056,1.12363491950707,3,Regular Customers
14525,0.972187368078744,0.771164660636414,1.17067586214265,0,Loyal Customers
14526,0.895607189939859,0.423035857164402,1.05809898273305,1,At Risk Customers
14527,0.423035857164402,0.977551919024062,1.2195340229307,2,VIP Customers
14530,0.917610260115658,0.798927899057388,1.16503152001524,0,Loyal Customers
14531,1.01153692455007,0.423035857164402,1.07715497508085,1,At Risk Customers
14532,0.949083336953801,0.753653330845511,1.16149146088529,0,Loyal Customers
14533,0.942081923268111,0.672502967079056,1.13759362374734,0,Loyal Customers
14534,0.920250163124061,0.771164660636414,1.1438963216965,0,Loyal Customers
14535,0.914863320248503,0.732568747710418,1.16385541762359,0,Loyal Customers
14537,1.05817025831518,0.423035857164402,1.06331597006388,1,At Risk Customers
14538,1.03362361622041,0.625800285598644,1.12029203322387,3,Regular Customers
14540,0.84490704589724,0.771164660636414,1.15956582378696,0,Loyal Customers
14541,0.956848463705964,0.732568747710418,1.12254820914183,0,Loyal Customers
14543,0.851732346927839,0.887827694546274,1.20375172718742,0,Loyal Customers
14544,1.006382923783,0.423035857164402,1.11819917764564,3,Regular Customers
14545,1.06747560063057,0.423035857164402,1.07346889930775,1,At Risk Customers
14546,0.820286244339271,0.732568747710418,1.15764534333078,0,Loyal Customers
14548,1.01419096769647,0.753653330845511,1.14588910694467,0,Loyal Customers
14549,0.96241498725723,0.625800285598644,1.10082517942635,3,Regular Customers
14550,0.891821261528334,0.554618356622274,1.09810849798176,3,Regular Customers
14551,0.949083336953801,0.706395054279679,1.10536675409387,3,Regular Customers
14552,0.851732346927839,0.554618356622274,1.07267305677506,3,Regular Customers
14553,0.949083336953801,0.672502967079056,1.1193007986086,3,Regular Customers
14555,0.85802782528634,0.672502967079056,1.1478562023815,0,Loyal Customers
14556,1.0523034349406,0.625800285598644,1.1124833586101,3,Regular Customers
14558,1.0640615528014,0.625800285598644,1.10298865100837,3,Regular Customers
14559,0.899204137093441,0.423035857164402,0.983935510623692,1,At Risk Customers
14560,0.84490704589724,0.883605064784244,1.17124776797175,0,Loyal Customers
14562,0.899204137093441,0.771164660636414,1.1403839422552,0,Loyal Customers
14563,1.0256915346265,0.554618356622274,1.10196474697681,3,Regular Customers
14564,0.978566837930225,0.554618356622274,1.15757349342623,3,Regular Customers
14565,1.00815879292083,0.423035857164402,1.10945731053118,1,At Risk Customers
14566,0.958289233840266,0.625800285598644,1.1583042287385,3,Regular Customers
14568,0.979563883308144,0.423035857164402,1.1175455489148,3,Regular Customers
14569,0.994243814213533,0.625800285598644,1.07631330352078,3,Regular Customers
14570,0.986959798185287,0.423035857164402,1.07959963399643,1,At Risk Customers
14571,0.968711214153241,0.423035857164402,1.03148754627982,1,At Risk Customers
14572,0.958289233840266,0.672502967079056,1.15912112571095,0,Loyal Customers
14573,0.771164660636414,0.706395054279679,1.11779888296403,0,Loyal Customers
14574,1.0760547427666,0.423035857164402,1.02515505000488,1,At Risk Customers
14575,1.0162184958954,0.423035857164402,1.08250196497817,1,At Risk Customers
14576,0.771164660636414,0.423035857164402,0.926191518828226,1,At Risk Customers
14577,0.912001235290911,0.625800285598644,1.09111984227635,3,Regular Customers
14579,0.976518532381328,0.423035857164402,1.00611727207808,1,At Risk Customers
14580,1.0292518223263,0.423035857164402,0.843832529284424,1,At Risk Customers
14581,1.03826297107665,0.423035857164402,1.06055597599852,1,At Risk Customers
14583,0.869294239284948,0.625800285598644,1.10417367218593,3,Regular Customers
14584,0.96372913748031,0.672502967079056,1.10619646584846,3,Regular Customers
14585,0.863862787100884,0.672502967079056,1.12044425533781,0,Loyal Customers
14588,1.047915176518,0.423035857164402,1.0215797354007,1,At Risk Customers
14589,0.753653330845511,0.423035857164402,0.935759029038556,1,At Risk Customers
14590,0.967504775196054,0.874369583994872,1.16243907097764,0,Loyal Customers
14593,0.920250163124061,0.786047879585602,1.16307046641408,0,Loyal Customers
14594,0.786047879585602,0.423035857164402,1.05734870723575,1,At Risk Customers
14595,0.994995986631273,0.554618356622274,1.08291433503797,3,Regular Customers
14596,1.05877648740131,0.423035857164402,1.04997225721426,1,At Risk Customers
14597,0.84490704589724,0.672502967079056,1.13214184482819,0,Loyal Customers
14598,1.04555064623526,0.423035857164402,1.03223533005222,1,At Risk Customers
14599,0.899204137093441,0.554618356622274,1.08658842231051,3,Regular Customers
14600,0.909014982122063,0.423035857164402,1.08800165163721,1,At Risk Customers
14602,1.06441546129524,0.423035857164402,1.04564761687489,1,At Risk Customers
14604,1.060159195571,0.423035857164402,1.02522139746717,1,At Risk Customers
14605,0.798927899057388,0.672502967079056,1.11762989142327,0,Loyal Customers
14606,0.554618356622274,1.0039165724299,1.21841474693512,2,VIP Customers
14607,1.00454417714874,0.771164660636414,1.19257368310893,0,Loyal Customers
14608,0.84490704589724,0.753653330845511,1.13886654793039,0,Loyal Customers
14609,0.899204137093441,0.732568747710418,1.11591739903266,0,Loyal Customers
14610,0.914863320248503,0.554618356622274,0.893168946788186,1,At Risk Customers
14611,0.986959798185287,0.554618356622274,1.0993653165192,3,Regular Customers
14612,0.955372512799918,0.423035857164402,1.11558616698436,3,Regular Customers
14613,1.06844871355245,0.423035857164402,0.984589850431227,1,At Risk Customers
14614,0.883605064784244,0.423035857164402,1.06496354341573,1,At Risk Customers
14615,0.912001235290911,0.706395054279679,1.11897213468701,0,Loyal Customers
14616,0.87912862186124,0.554618356622274,1.01506263090703,1,At Risk Customers
14617,0.932077249682868,0.554618356622274,1.04145557818793,1,At Risk Customers
14618,0.820286244339271,0.672502967079056,1.11105516437676,0,Loyal Customers
14619,1.03730652062128,0.423035857164402,1.11649051013634,3,Regular Customers
14621,1.0265055527832,0.672502967079056,1.12881509034512,3,Regular Customers
14623,0.851732346927839,0.706395054279679,1.12600762907696,0,Loyal Customers
14624,0.955372512799918,0.672502967079056,1.09814917257879,3,Regular Customers
14625,0.798927899057388,0.786047879585602,1.16874470017805,0,Loyal Customers
14626,0.914863320248503,0.753653330845511,1.1577636865666,0,Loyal Customers
14627,0.84490704589724,0.423035857164402,1.08708649497633,1,At Risk Customers
14628,0.986087311088335,0.625800285598644,1.13236942363991,3,Regular Customers
14630,1.01419096769647,0.423035857164402,1.07193268379645,1,At Risk Customers
14631,0.883605064784244,0.625800285598644,1.12177826081848,3,Regular Customers
14634,0.981506595544463,0.672502967079056,1.1502289413932,0,Loyal Customers
14635,0.994995986631273,0.423035857164402,1.04822645205353,1,At Risk Customers
14637,1.06796494418334,0.423035857164402,1.00679082179094,1,At Risk Customers
14639,0.943907056186028,0.625800285598644,1.14791135729288,3,Regular Customers
14640,0.945680643631524,0.672502967079056,1.13823021990362,0,Loyal Customers
14643,1.05693210585141,0.625800285598644,1.12043839664053,3,Regular Customers
14644,0.953859785790446,0.706395054279679,1.13496293741032,0,Loyal Customers
14645,1.06035319841327,0.423035857164402,1.06220998554594,1,At Risk Customers
14646,0.798927899057388,0.986087311088335,1.28008728671971,0,Loyal Customers
14647,1.03112207347692,0.423035857164402,1.06035319841327,1,At Risk Customers
14648,0.956848463705964,0.84490704589724,1.175943886553,0,Loyal Customers
14649,0.863862787100884,0.706395054279679,1.15229462160675,0,Loyal Customers
14650,1.05040563593031,0.423035857164402,0.970475317200402,1,At Risk Customers
14651,0.912001235290911,0.753653330845511,1.13369880944141,0,Loyal Customers
14653,1.02730618985159,0.706395054279679,1.14119089624648,0,Loyal Customers
14654,1.07684922854372,0.423035857164402,1.05562799586975,1,At Risk Customers
14655,0.891821261528334,0.625800285598644,1.1470075776454,3,Regular Customers
14656,0.955372512799918,0.625800285598644,1.09061170638509,3,Regular Customers
14657,0.97330117724734,0.554618356622274,1.09918956391398,3,Regular Customers
14662,0.97105164486998,0.625800285598644,1.10158261830572,3,Regular Customers
14663,0.974393832083351,0.554618356622274,1.08982604252058,3,Regular Customers
14665,0.97105164486998,0.554618356622274,1.11728354696792,3,Regular Customers
14667,0.423035857164402,0.914863320248503,1.20728641634778,2,VIP Customers
14668,0.98866440976494,0.423035857164402,1.00966695138885,1,At Risk Customers
14669,1.060159195571,0.672502967079056,1.14722104571566,3,Regular Customers
14670,1.0760547427666,0.423035857164402,1.04145557818793,1,At Risk Customers
14671,1.03981490282658,0.554618356622274,1.12590645817931,3,Regular Customers
14672,1.02809384567564,0.554618356622274,1.07323202227578,3,Regular Customers
14673,0.625800285598644,0.625800285598644,1.14137243534479,2,VIP Customers
14674,1.0256915346265,0.423035857164402,1.03621827863702,1,At Risk Customers
14675,0.891821261528334,0.423035857164402,1.08238762100591,1,At Risk Customers
14676,0.912001235290911,0.732568747710418,1.18440604351762,0,Loyal Customers
14677,1.05136456149821,0.423035857164402,1.03978741881091,1,At Risk Customers
14678,1.0481704779407,0.423035857164402,1.0805331945571,1,At Risk Customers
14679,0.85802782528634,0.625800285598644,1.13126652686857,3,Regular Customers
14680,0.753653330845511,0.942081923268111,1.23005283908718,0,Loyal Customers
14681,0.887827694546274,0.625800285598644,1.07713674626313,3,Regular Customers
14682,0.972187368078744,0.672502967079056,1.13619863914656,3,Regular Customers
14683,1.05040563593031,0.423035857164402,1.02632763118154,1,At Risk Customers
14684,0.899204137093441,0.423035857164402,1.05148773231848,1,At Risk Customers
14685,1.04740022867383,0.771164660636414,1.17645328855963,0,Loyal Customers
14686,0.953859785790446,0.706395054279679,1.11435863807186,3,Regular Customers
14687,0.927597350695399,0.554618356622274,1.11021994616972,3,Regular Customers
14688,0.786047879585602,0.771164660636414,1.14903476257957,0,Loyal Customers
14690,0.905894483417168,0.554618356622274,1.08277621162465,3,Regular Customers
14692,0.851732346927839,0.771164660636414,1.12576798783114,0,Loyal Customers
14693,0.968711214153241,0.732568747710418,1.1207044048202,0,Loyal Customers
14694,1.05693210585141,0.423035857164402,1.05507487875948,1,At Risk Customers
14695,1.0296317282857,0.625800285598644,1.1380364887726,3,Regular Customers
14696,0.786047879585602,0.554618356622274,1.10518189161683,3,Regular Customers
14699,0.979563883308144,0.625800285598644,1.09854976286712,3,Regular Customers
14700,0.955372512799918,0.554618356622274,1.1157421400993,3,Regular Customers
14701,0.986087311088335,0.732568747710418,1.14728673360404,0,Loyal Customers
14702,0.423035857164402,0.829304666300179,1.16709462790148,2,VIP Customers
14704,0.967504775196054,0.554618356622274,1.0581621183894,3,Regular Customers
14706,1.05714089911136,0.423035857164402,1.07599319644296,1,At Risk Customers
14707,0.979563883308144,0.554618356622274,1.0232512658373,1,At Risk Customers
14708,0.672502967079056,0.625800285598644,1.12438648928392,2,VIP Customers
14709,0.84490704589724,0.820286244339271,1.172006281447,0,Loyal Customers
14710,0.84490704589724,0.786047879585602,1.13159783743653,0,Loyal Customers
14712,0.959696320446474,0.423035857164402,1.0814352659028,1,At Risk Customers
14713,0.423035857164402,0.810237201722229,1.15950880042205,2,VIP Customers
14714,0.942081923268111,0.625800285598644,1.10865127719925,3,Regular Customers
14715,0.986087311088335,0.672502967079056,1.11924630411942,3,Regular Customers
14716,0.987818703754018,0.423035857164402,1.05317065264452,1,At Risk Customers
14717,1.07618822364698,0.423035857164402,0.988915602849964,1,At Risk Customers
14718,0.947405270060277,0.423035857164402,1.05098822570017,1,At Risk Customers
14721,0.84490704589724,0.423035857164402,1.00819951077459,1,At Risk Customers
14722,1.0104353962562,0.554618356622274,1.06732769269651,3,Regular Customers
14723,0.753653330845511,0.753653330845511,1.11791544491953,0,Loyal Customers
14724,1.05088765459954,0.423035857164402,1.0724097221408,1,At Risk Customers
14725,0.912001235290911,0.625800285598644,1.09882882955185,3,Regular Customers
14726,1.0640615528014,0.423035857164402,1.01234776606584,1,At Risk Customers
14727,1.03888993689051,0.554618356622274,1.04281467857051,1,At Risk Customers
14728,0.952308580694242,0.423035857164402,1.0414879847674,1,At Risk Customers
14729,0.786047879585602,0.625800285598644,1.09799699708926,3,Regular Customers
14732,0.905894483417168,0.810237201722229,1.16029127387844,0,Loyal Customers
14733,0.625800285598644,0.672502967079056,1.18831535895731,2,VIP Customers
14734,0.968711214153241,0.672502967079056,1.123265732649,3,Regular Customers
14735,0.891821261528334,0.891821261528334,1.186331091359,0,Loyal Customers
14736,1.01470552770037,0.554618356622274,1.07685578537418,3,Regular Customers
14737,0.927597350695399,0.423035857164402,1.15448764016634,3,Regular Customers
14738,1.04305729394222,0.554618356622274,1.09139566984111,3,Regular Customers
14739,0.625800285598644,0.869294239284948,1.19574315083359,2,VIP Customers
14740,0.945680643631524,0.771164660636414,1.15899816252201,0,Loyal Customers
14741,0.771164660636414,0.554618356622274,1.09045301790551,3,Regular Customers
14742,0.979563883308144,0.423035857164402,1.09750172123637,1,At Risk Customers
14743,1.05136456149821,0.423035857164402,0.954590589430103,1,At Risk Customers
14744,0.554618356622274,0.771164660636414,1.15992213360648,2,VIP Customers
14745,1.02229299562842,0.753653330845511,1.13252059315676,0,Loyal Customers
14746,0.940202458817879,0.672502967079056,1.09855203993917,3,Regular Customers
14748,0.672502967079056,0.753653330845511,1.14274970289169,2,VIP Customers
14749,1.01153692455007,0.423035857164402,1.06750020203863,1,At Risk Customers
14750,1.07658609632343,0.423035857164402,1.00989250605318,1,At Risk Customers
14751,1.06908526967778,0.554618356622274,1.01742123092283,1,At Risk Customers
14753,0.999984786274994,0.423035857164402,1.06687420555141,1,At Risk Customers
14754,0.968711214153241,0.672502967079056,1.11709692828745,3,Regular Customers
14755,0.85802782528634,0.837466628755802,1.1793701119693,0,Loyal Customers
14756,0.863862787100884,0.554618356622274,1.14640313810916,3,Regular Customers
14758,0.917610260115658,0.625800285598644,1.13395834803506,3,Regular Customers
14761,0.987818703754018,0.423035857164402,1.04191014054269,1,At Risk Customers
14762,1.05877648740131,0.423035857164402,1.01264187350008,1,At Risk Customers
14766,0.554618356622274,0.732568747710418,1.17297789007252,2,VIP Customers
14767,1.00873744999341,0.423035857164402,1.07798871126542,1,At Risk Customers
14769,0.899204137093441,0.786047879585602,1.18023530933086,0,Loyal Customers
14770,1.00454417714874,0.732568747710418,1.15961981516404,0,Loyal Customers
14771,1.05776140227984,0.554618356622274,1.09863695370061,3,Regular Customers
14773,1.05136456149821,0.423035857164402,1.02383019351544,1,At Risk Customers
14774,1.03292215867518,0.423035857164402,1.05444620088906,1,At Risk Customers
14775,0.771164660636414,0.423035857164402,1.08091139562995,1,At Risk Customers
14776,0.887827694546274,0.672502967079056,1.12739725151112,0,Loyal Customers
14777,0.93420673023127,0.423035857164402,1.06707340753554,1,At Risk Customers
14783,1.06494091835729,0.423035857164402,1.06703032606625,1,At Risk Customers
14784,0.895607189939859,0.423035857164402,1.03146569629525,1,At Risk Customers
14786,1.04011919575166,0.423035857164402,0.996440411934958,1,At Risk Customers
14787,1.00698166971579,0.423035857164402,1.00911012434791,1,At Risk Customers
14788,1.0523034349406,0.423035857164402,1.08850011308778,1,At Risk Customers
14790,0.798927899057388,0.732568747710418,1.14371147915992,0,Loyal Customers
14791,1.05456779374899,0.423035857164402,1.06641752382269,1,At Risk Customers
14793,1.03533327505373,0.423035857164402,1.07974898146082,1,At Risk Customers
14794,0.932077249682868,0.625800285598644,1.10150755276422,3,Regular Customers
14796,0.554618356622274,0.810237201722229,1.16091307011833,2,VIP Customers
14797,1.02486371739336,0.423035857164402,1.06585548150457,1,At Risk Customers
14798,0.85802782528634,0.706395054279679,1.09514694630035,3,Regular Customers
14799,1.07671787238121,0.423035857164402,1.03840477184553,1,At Risk Customers
14800,0.706395054279679,0.732568747710418,1.16697458867433,2,VIP Customers
14802,0.982453320777553,0.554618356622274,1.13724493221026,3,Regular Customers
14805,0.936268254134964,0.625800285598644,1.09393227742456,3,Regular Customers
14806,0.98338429212101,0.423035857164402,1.00876046179341,1,At Risk Customers
14807,0.899204137093441,0.554618356622274,1.09109224454289,3,Regular Customers
14809,1.05776140227984,0.554618356622274,1.10504216226081,3,Regular Customers
14810,0.706395054279679,0.625800285598644,1.08540572487787,2,VIP Customers
14811,0.887827694546274,0.423035857164402,1.03516505596722,1,At Risk Customers
14812,1.05276559208806,0.423035857164402,1.03789863110564,1,At Risk Customers
14813,0.706395054279679,0.672502967079056,1.11611969129958,2,VIP Customers
14814,1.04867681047647,0.423035857164402,1.02933185107184,1,At Risk Customers
14817,0.914863320248503,0.706395054279679,1.16072308466328,0,Loyal Customers
14818,0.998606382916698,0.625800285598644,1.09031340347882,3,Regular Customers
14819,1.01911430491452,0.554618356622274,1.03961297638306,1,At Risk Customers
14820,0.851732346927839,0.706395054279679,1.10987316405984,0,Loyal Customers
14821,0.554618356622274,0.753653330845511,1.12940041476985,2,VIP Customers
14822,1.01470552770037,0.423035857164402,1.03064275938151,1,At Risk Customers
14824,0.84490704589724,0.732568747710418,1.16127856116508,0,Loyal Customers
14825,0.672502967079056,0.829304666300179,1.15880697653575,2,VIP Customers
14826,1.04867681047647,0.554618356622274,1.0782924600212,3,Regular Customers
14828,0.891821261528334,0.798927899057388,1.19315815493208,0,Loyal Customers
14829,0.771164660636414,0.672502967079056,1.12082176103904,0,Loyal Customers
14831,1.06844871355245,0.625800285598644,1.14142127904419,3,Regular Customers
14832,1.05957195563526,0.423035857164402,1.06950803138393,1,At Risk Customers
14833,1.02095555902629,0.423035857164402,0.999162044454449,1,At Risk Customers
14834,0.942081923268111,0.423035857164402,1.08937297553792,1,At Risk Customers
14835,1.03292215867518,0.554618356622274,1.06528768235184,3,Regular Customers
14837,0.986087311088335,0.706395054279679,1.14432205604451,0,Loyal Customers
14838,0.966272952906034,0.554618356622274,1.11001036980829,3,Regular Customers
14839,0.959696320446474,0.625800285598644,1.11734432004753,3,Regular Customers
14840,1.03665790244122,0.423035857164402,1.06577872922576,1,At Risk Customers
14841,0.798927899057388,0.771164660636414,1.1711698125838,0,Loyal Customers
14843,0.980543622089699,0.423035857164402,1.04734841168103,1,At Risk Customers
14844,0.974393832083351,0.732568747710418,1.16792895267466,0,Loyal Customers
14845,1.05299489116356,0.423035857164402,1.02770161610933,1,At Risk Customers
14846,0.97105164486998,0.423035857164402,1.08441739803612,1,At Risk Customers
14847,0.942081923268111,0.554618356622274,1.12260807478976,3,Regular Customers
14848,0.936268254134964,0.423035857164402,1.06756737337658,1,At Risk Customers
14849,0.786047879585602,0.87912862186124,1.19368034105292,0,Loyal Customers
14850,0.958289233840266,0.732568747710418,1.13572968049603,0,Loyal Customers
14851,1.05957195563526,0.423035857164402,1.06877773458883,1,At Risk Customers
14852,0.967504775196054,0.820286244339271,1.16575683826826,0,Loyal Customers
14853,0.966272952906034,0.625800285598644,1.11668960722794,3,Regular Customers
14854,0.899204137093441,0.672502967079056,1.13875010928376,0,Loyal Customers
14855,1.00873744999341,0.706395054279679,1.18476379703367,0,Loyal Customers
14857,0.986087311088335,0.706395054279679,1.15579806889672,0,Loyal Customers
14858,1.02402166385738,0.423035857164402,1.03849906787095,1,At Risk Customers
14859,1.04131685818134,0.423035857164402,1.07384427817119,1,At Risk Customers
14861,0.851732346927839,0.786047879585602,1.13019310925308,0,Loyal Customers
14865,0.771164660636414,0.625800285598644,0.98566357684511,1,At Risk Customers
14866,0.554618356622274,0.771164660636414,1.18774699654149,2,VIP Customers
14867,0.914863320248503,0.829304666300179,1.15218457911996,0,Loyal Customers
14868,0.851732346927839,0.672502967079056,1.12940914807929,0,Loyal Customers
14869,0.891821261528334,0.672502967079056,1.14904172454843,0,Loyal Customers
14870,0.952308580694242,0.706395054279679,1.13746778200364,0,Loyal Customers
14871,1.01864315500103,0.706395054279679,1.10752291944276,3,Regular Customers
14872,1.01367112827448,0.625800285598644,1.11253086674191,3,Regular Customers
14873,1.060159195571,0.423035857164402,1.07130804949517,1,At Risk Customers
14874,1.03533327505373,0.423035857164402,1.0121758646293,1,At Risk Customers
14875,0.985200844275134,0.423035857164402,1.13441266624487,3,Regular Customers
14876,1.03038267286013,0.554618356622274,1.05769974438623,1,At Risk Customers
14877,0.959696320446474,0.554618356622274,1.08313974901266,3,Regular Customers
14878,0.820286244339271,0.851732346927839,1.15750256625919,0,Loyal Customers
14879,1.06908526967778,0.423035857164402,1.03983321651084,1,At Risk Customers
14882,0.899204137093441,0.820286244339271,1.16201369126116,0,Loyal Customers
14884,1.06664731220247,0.423035857164402,1.01450033091279,1,At Risk Customers
14885,0.97105164486998,0.554618356622274,1.11336638682775,3,Regular Customers
14890,1.05714089911136,0.554618356622274,1.10535027436625,3,Regular Customers
14891,0.956848463705964,0.554618356622274,1.0952942771773,3,Regular Customers
14892,1.07002249278068,0.423035857164402,1.04483044583135,1,At Risk Customers
14893,1.05693210585141,0.423035857164402,1.09686536996071,1,At Risk Customers
14894,0.986959798185287,0.554618356622274,1.11358294131605,3,Regular Customers
14895,0.869294239284948,0.863862787100884,1.21066055564505,0,Loyal Customers
14896,0.423035857164402,0.753653330845511,1.13998672703601,2,VIP Customers
14897,0.945680643631524,0.672502967079056,1.14355522546141,0,Loyal Customers
14898,0.753653330845511,0.786047879585602,1.15142155422669,0,Loyal Customers
14899,0.914863320248503,0.423035857164402,1.13252738141952,3,Regular Customers
14900,1.03075379565817,0.423035857164402,0.83684180762515,1,At Risk Customers
14901,0.554618356622274,0.706395054279679,1.11473272575336,2,VIP Customers
14902,0.914863320248503,0.554618356622274,1.10606360417686,3,Regular Customers
14904,0.943907056186028,0.554618356622274,1.09941877504171,3,Regular Customers
14905,0.798927899057388,0.732568747710418,1.13322429117252,0,Loyal Customers
14906,0.98866440976494,0.423035857164402,0.976975536964889,1,At Risk Customers
14907,0.625800285598644,0.798927899057388,1.15836644661709,2,VIP Customers
14908,1.0019873653802,0.423035857164402,1.00522594272504,1,At Risk Customers
14909,0.981506595544463,0.625800285598644,1.13462409706602,3,Regular Customers
14911,0.423035857164402,1.04555064623526,1.2696871851657,2,VIP Customers
14912,0.92987564040383,0.672502967079056,1.12188647938714,3,Regular Customers
14913,0.891821261528334,0.672502967079056,1.16067617098678,0,Loyal Customers
14915,0.810237201722229,0.786047879585602,1.13726518318738,0,Loyal Customers
14916,0.975466054775925,0.672502967079056,1.14355120363709,3,Regular Customers
14917,1.0523034349406,0.554618356622274,1.12577373852836,3,Regular Customers
14918,0.936268254134964,0.753653330845511,1.17504148056985,0,Loyal Customers
14919,1.03665790244122,0.423035857164402,1.07488179460712,1,At Risk Customers
14920,1.04445915654612,0.423035857164402,1.10118384237055,1,At Risk Customers
14922,0.909014982122063,0.554618356622274,1.11391993093459,3,Regular Customers
14924,1.05544222511061,0.554618356622274,1.10058129354209,3,Regular Customers
14926,0.85802782528634,0.554618356622274,1.07488867097951,3,Regular Customers
14927,0.917610260115658,0.423035857164402,1.06717926895795,1,At Risk Customers
14928,1.05897671435588,0.423035857164402,1.05038382327085,1,At Risk Customers
14929,0.96372913748031,0.423035857164402,1.09999022618988,1,At Risk Customers
14930,1.006382923783,0.625800285598644,1.16101922907178,3,Regular Customers
14932,0.423035857164402,0.554618356622274,1.10369963679414,2,VIP Customers
14933,0.986959798185287,0.672502967079056,1.14346705470616,3,Regular Customers
14934,0.837466628755802,0.625800285598644,1.13994208471396,0,Loyal Customers
14935,1.05734870723575,0.423035857164402,1.12360012661574,3,Regular Customers
14936,0.899204137093441,0.672502967079056,1.1744917781753,0,Loyal Customers
14938,1.04362317034645,0.554618356622274,1.1534618683379,3,Regular Customers
14940,0.958289233840266,0.554618356622274,1.09353147216913,3,Regular Customers
14941,1.047915176518,0.423035857164402,1.0389210658486,1,At Risk Customers
14942,0.92987564040383,0.672502967079056,1.10868084580359,3,Regular Customers
14943,1.06563166300143,0.423035857164402,1.00734944957723,1,At Risk Customers
14944,0.895607189939859,0.753653330845511,1.17131811267583,0,Loyal Customers
14945,0.952308580694242,0.423035857164402,1.03807323375387,1,At Risk Customers
14947,0.891821261528334,0.672502967079056,1.10939313216324,3,Regular Customers
14949,1.00577719452483,0.672502967079056,1.09207910273085,3,Regular Customers
14952,0.917610260115658,0.87912862186124,1.19956826862585,0,Loyal Customers
14953,0.959696320446474,0.625800285598644,1.10497114045614,3,Regular Customers
14954,1.07198431903563,0.423035857164402,1.03406373581092,1,At Risk Customers
14955,1.0760547427666,0.423035857164402,1.03284082531483,1,At Risk Customers
14956,0.96372913748031,0.423035857164402,1.13233857443999,3,Regular Customers
14957,1.06224706395806,0.423035857164402,1.04506268864399,1,At Risk Customers
14958,1.05207055402861,0.625800285598644,1.08662656127047,3,Regular Customers
14961,0.84490704589724,0.829304666300179,1.1990518015878,0,Loyal Customers
14962,1.03665790244122,0.625800285598644,1.05417083777875,3,Regular Customers
14963,0.84490704589724,0.753653330845511,1.14084363973118,0,Loyal Customers
14966,0.887827694546274,0.706395054279679,1.11575550508153,0,Loyal Customers
14967,0.985200844275134,0.706395054279679,1.13764838755654,0,Loyal Customers
14968,0.998606382916698,0.423035857164402,1.07409032730611,1,At Risk Customers
14969,1.07198431903563,0.423035857164402,1.11692873598442,1,At Risk Customers
14970,0.945680643631524,0.771164660636414,1.16608281814416,0,Loyal Customers
14972,0.85802782528634,0.423035857164402,0.91287246883971,1,At Risk Customers
14975,0.96372913748031,0.423035857164402,1.04203545885793,1,At Risk Customers
14977,1.07510811504627,0.423035857164402,0.917421547789616,1,At Risk Customers
14978,0.974393832083351,0.706395054279679,1.12810390095892,0,Loyal Customers
14979,1.07645389786816,0.423035857164402,1.08356570625485,1,At Risk Customers
14980,1.07671787238121,0.423035857164402,1.02796867711121,1,At Risk Customers
14981,0.966272952906034,0.423035857164402,1.06050778118088,1,At Risk Customers
14982,1.04635252010759,0.423035857164402,1.05362622229165,1,At Risk Customers
14983,1.06986772639587,0.423035857164402,1.03926212371868,1,At Risk Customers
14984,0.891821261528334,0.672502967079056,1.12333209662186,0,Loyal Customers
14986,0.820286244339271,0.554618356622274,1.09617230688569,3,Regular Customers
14987,0.423035857164402,0.753653330845511,1.13414283750934,2,VIP Customers
14988,0.851732346927839,0.732568747710418,1.14203773391424,0,Loyal Customers
14989,1.06528768235184,0.423035857164402,1.07248263244229,1,At Risk Customers
14990,1.05587305448721,0.554618356622274,1.06650824513028,3,Regular Customers
14991,0.974393832083351,0.423035857164402,1.06823492273136,1,At Risk Customers
14992,0.986087311088335,0.423035857164402,1.04701015562886,1,At Risk Customers
14993,1.04390352365141,0.423035857164402,0.927898035563924,1,At Risk Customers
14994,0.863862787100884,0.706395054279679,1.1187516177552,0,Loyal Customers
14996,1.01261520652632,0.554618356622274,1.08494631912552,3,Regular Customers
14997,1.06423887109107,0.423035857164402,1.05193024204891,1,At Risk Customers
14998,0.972187368078744,0.554618356622274,1.07188246284686,3,Regular Customers
14999,1.05136456149821,0.423035857164402,1.01886986203951,1,At Risk Customers
15001,0.912001235290911,0.554618356622274,1.04393425853516,1,At Risk Customers
15002,0.625800285598644,0.732568747710418,1.16396125761631,2,VIP Customers
15003,1.00815879292083,0.732568747710418,1.12211190226481,0,Loyal Customers
15005,0.554618356622274,0.909014982122063,1.19308685141676,2,VIP Customers
15006,0.994995986631273,0.423035857164402,1.06176255146961,1,At Risk Customers
15008,1.01207891477636,0.554618356622274,1.07497109865237,3,Regular Customers
15011,0.914863320248503,0.554618356622274,1.08208649748201,3,Regular Customers
15012,0.786047879585602,0.554618356622274,1.08357904934357,3,Regular Customers
15013,1.01571919790023,0.798927899057388,1.13990093189464,0,Loyal Customers
15015,1.02229299562842,0.829304666300179,1.15396284883213,0,Loyal Customers
15016,0.909014982122063,0.672502967079056,1.0858557143412,3,Regular Customers
15018,0.625800285598644,0.423035857164402,1.00945175373779,1,At Risk Customers
15020,0.84490704589724,0.423035857164402,1.04375514904149,1,At Risk Customers
15021,0.554618356622274,0.672502967079056,1.1130648270184,2,VIP Customers
15022,1.06796494418334,0.423035857164402,1.06244120627741,1,At Risk Customers
15023,0.706395054279679,0.798927899057388,1.18141416694755,2,VIP Customers
15024,0.625800285598644,0.771164660636414,1.15485434465936,2,VIP Customers
15025,1.04528020061692,0.423035857164402,1.10035538107344,1,At Risk Customers
15026,0.810237201722229,0.554618356622274,1.09750484153792,3,Regular Customers
15027,0.914863320248503,0.732568747710418,1.15031462890154,0,Loyal Customers
15028,0.672502967079056,0.625800285598644,1.09268281724703,2,VIP Customers
15029,1.05734870723575,0.423035857164402,1.07566519232827,1,At Risk Customers
15030,0.851732346927839,0.732568747710418,1.13616740253172,0,Loyal Customers
15031,0.912001235290911,0.798927899057388,1.15537790726442,0,Loyal Customers
15032,0.554618356622274,0.753653330845511,1.19726709256891,2,VIP Customers
15034,0.883605064784244,0.732568747710418,1.17193681419284,0,Loyal Customers
15037,0.820286244339271,0.554618356622274,1.07985271283579,3,Regular Customers
15038,0.706395054279679,0.672502967079056,1.09748767673799,2,VIP Customers
15039,0.672502967079056,0.949083336953801,1.22050687309802,2,VIP Customers
15040,1.03730652062128,0.423035857164402,0.762612101300922,1,At Risk Customers
15041,0.987818703754018,0.423035857164402,1.00843157017765,1,At Risk Customers
15042,1.05207055402861,0.423035857164402,1.03811124267829,1,At Risk Customers
15043,1.0019873653802,0.706395054279679,1.15363042270441,0,Loyal Customers
15044,0.84490704589724,0.863862787100884,1.19575824351864,0,Loyal Customers
15046,0.968711214153241,0.798927899057388,1.15657508171624,0,Loyal Customers
15048,0.672502967079056,0.423035857164402,1.00179049231767,1,At Risk Customers
15050,0.96372913748031,0.554618356622274,1.15387919211005,3,Regular Customers
15051,0.84490704589724,0.732568747710418,1.15671772261991,0,Loyal Customers
15055,1.00873744999341,0.625800285598644,1.09502651342561,3,Regular Customers
15056,1.03000866428659,0.423035857164402,1.01079599913053,1,At Risk Customers
15057,0.986959798185287,0.625800285598644,1.14339183610087,3,Regular Customers
15058,0.820286244339271,0.706395054279679,1.13113149451996,0,Loyal Customers
15059,0.820286244339271,0.798927899057388,1.15072405596339,0,Loyal Customers
15061,0.625800285598644,0.992707283229087,1.25619638545217,2,VIP Customers
15062,0.966272952906034,0.672502967079056,1.13959039847524,3,Regular Customers
15064,0.947405270060277,0.672502967079056,1.13017635268012,3,Regular Customers
15065,0.947405270060277,0.423035857164402,1.03456471457999,1,At Risk Customers
15067,0.952308580694242,0.554618356622274,1.15011973701097,3,Regular Customers
15068,0.959696320446474,0.554618356622274,1.1006230086695,3,Regular Customers
15070,0.771164660636414,0.625800285598644,1.108125542692,3,Regular Customers
15071,0.883605064784244,0.554618356622274,1.08816552981285,3,Regular Customers
15072,1.01153692455007,0.423035857164402,1.04057794772739,1,At Risk Customers
15073,0.927597350695399,0.706395054279679,1.14292367592498,0,Loyal Customers
15074,0.97330117724734,0.554618356622274,1.11257570759301,3,Regular Customers
15076,1.01816751885054,0.554618356622274,1.09647715848177,3,Regular Customers
15077,1.01911430491452,0.554618356622274,1.15505999037728,3,Regular Customers
15078,0.672502967079056,0.887827694546274,1.194392376467,2,VIP Customers
15079,0.423035857164402,0.771164660636414,1.16099454846251,2,VIP Customers
15080,0.97105164486998,0.554618356622274,1.09478702872672,3,Regular Customers
15081,0.625800285598644,0.771164660636414,1.13614859353721,2,VIP Customers
15082,1.06647970550921,0.423035857164402,0.998150596057495,1,At Risk Customers
15084,0.84490704589724,0.554618356622274,1.11955357704778,3,Regular Customers
15085,1.07565169388558,0.423035857164402,1.07322486651121,1,At Risk Customers
15086,1.04418217941689,0.554618356622274,1.04906037037726,1,At Risk Customers
15091,1.06747560063057,0.554618356622274,1.09639775956695,3,Regular Customers
15092,1.00132824164135,0.423035857164402,1.06887149993214,1,At Risk Customers
15093,0.771164660636414,0.863862787100884,1.20018088742199,0,Loyal Customers
15094,1.0019873653802,0.554618356622274,0.990317674971124,1,At Risk Customers
15095,0.96241498725723,0.732568747710418,1.14348911981389,0,Loyal Customers
15097,1.04917754625981,0.554618356622274,1.10330935612732,3,Regular Customers
15100,0.554618356622274,0.732568747710418,1.14835631878032,2,VIP Customers
15101,1.02809384567564,0.672502967079056,1.12706682142223,3,Regular Customers
15102,1.03362361622041,0.554618356622274,1.09548546497044,3,Regular Customers
15105,0.974393832083351,0.554618356622274,1.11143886204651,3,Regular Customers
15107,0.771164660636414,0.672502967079056,1.10057337687711,0,Loyal Customers
15109,1.0481704779407,0.554618356622274,1.09053710924981,3,Regular Customers
15110,0.93420673023127,0.554618356622274,1.09160513445305,3,Regular Customers
15111,0.771164660636414,0.625800285598644,1.12716983854575,0,Loyal Customers
15112,1.05565816398385,0.423035857164402,1.04672196380442,1,At Risk Customers
15114,0.869294239284948,0.554618356622274,1.1018966932132,3,Regular Customers
15115,1.0760547427666,0.423035857164402,1.04182835527687,1,At Risk Customers
15117,0.991125924427997,0.625800285598644,1.11819739459068,3,Regular Customers
15122,0.965014756302866,0.771164660636414,1.16077176417081,0,Loyal Customers
15123,0.96372913748031,0.625800285598644,1.15548151347293,3,Regular Customers
15124,1.0098756237601,0.554618356622274,1.05969593303105,1,At Risk Customers
15125,1.01153692455007,0.786047879585602,1.18265170809579,0,Loyal Customers
15126,1.03566792986984,0.554618356622274,1.08571260539128,3,Regular Customers
15127,1.0296317282857,0.423035857164402,1.0666422935696,1,At Risk Customers
15128,0.974393832083351,0.423035857164402,1.06791301520175,1,At Risk Customers
15129,0.87912862186124,0.820286244339271,1.16694864607483,0,Loyal Customers
15131,0.912001235290911,0.423035857164402,0.988056815908308,1,At Risk Customers
15133,0.863862787100884,0.554618356622274,1.11293968084429,3,Regular Customers
15134,0.85802782528634,0.554618356622274,1.04643193882287,3,Regular Customers
15135,1.04190430352368,0.423035857164402,1.03384245233112,1,At Risk Customers
15137,1.03000866428659,0.554618356622274,1.11288392163628,3,Regular Customers
15138,0.909014982122063,0.423035857164402,1.09094288042804,1,At Risk Customers
15140,0.986087311088335,0.423035857164402,1.11614472090051,3,Regular Customers
15141,0.997903547828628,0.753653330845511,1.13417152017686,0,Loyal Customers
15142,0.947405270060277,0.706395054279679,1.15017249141228,0,Loyal Customers
15143,0.976518532381328,0.423035857164402,1.06650992333736,1,At Risk Customers
15144,0.84490704589724,0.820286244339271,1.18313174036791,0,Loyal Customers
15149,1.04740022867383,0.672502967079056,1.12238146604973,3,Regular Customers
15150,0.99719132727709,0.625800285598644,1.16956352901487,3,Regular Customers
15151,0.966272952906034,0.554618356622274,1.14955378585178,3,Regular Customers
15152,1.07168839996646,0.423035857164402,1.09235985968162,1,At Risk Customers
15154,1.01098912355426,0.554618356622274,1.12451826610712,3,Regular Customers
15155,0.869294239284948,0.423035857164402,1.07813641834638,1,At Risk Customers
15157,1.04555064623526,0.554618356622274,1.10698988451953,3,Regular Customers
15158,0.92987564040383,0.423035857164402,1.04544806497226,1,At Risk Customers
15159,0.914863320248503,0.672502967079056,1.16757039337241,0,Loyal Customers
15160,0.798927899057388,0.625800285598644,1.08372663986806,3,Regular Customers
15161,0.891821261528334,0.423035857164402,1.01414957613881,1,At Risk Customers
15162,1.07592082925928,0.423035857164402,1.06794872319587,1,At Risk Customers
15164,0.895607189939859,0.732568747710418,1.12852826424172,0,Loyal Customers
15165,0.786047879585602,0.423035857164402,1.08955425323972,1,At Risk Customers
15166,1.00454417714874,0.423035857164402,1.03402577593919,1,At Risk Customers
15167,0.942081923268111,0.672502967079056,1.13635728240422,0,Loyal Customers
15169,0.863862787100884,0.554618356622274,1.09666338292637,3,Regular Customers
15170,0.940202458817879,0.423035857164402,0.988790150060621,1,At Risk Customers
15173,0.851732346927839,0.753653330845511,1.13702935614153,0,Loyal Customers
15174,0.947405270060277,0.423035857164402,1.07296211761482,1,At Risk Customers
15176,1.06631143806607,0.423035857164402,1.12052033021332,3,Regular Customers
15177,0.968711214153241,0.423035857164402,1.11884848102132,3,Regular Customers
15179,0.905894483417168,0.771164660636414,1.18139798063917,0,Loyal Customers
15180,0.625800285598644,0.625800285598644,1.11254807965057,2,VIP Customers
15181,0.96241498725723,0.554618356622274,1.09169313913671,3,Regular Customers
15182,0.87912862186124,0.786047879585602,1.15428395035572,0,Loyal Customers
15183,1.03920029798607,0.625800285598644,1.1019224013899,3,Regular Customers
15184,0.887827694546274,0.554618356622274,1.06283420959172,3,Regular Customers
15186,1.00873744999341,0.625800285598644,1.12067656367863,3,Regular Customers
15188,1.07510811504627,0.423035857164402,1.0675460866313,1,At Risk Customers
15189,0.85802782528634,0.706395054279679,1.13155777655042,0,Loyal Customers
15190,0.978566837930225,0.423035857164402,1.11344990839244,3,Regular Customers
15191,1.0019873653802,0.625800285598644,1.09813613071739,3,Regular Customers
15192,0.423035857164402,0.625800285598644,1.11832554713858,2,VIP Customers
15194,0.672502967079056,0.837466628755802,1.17836831394385,2,VIP Customers
15196,0.976518532381328,0.554618356622274,1.06807831793145,3,Regular Customers
15197,0.912001235290911,0.625800285598644,1.11154193409515,3,Regular Customers
15198,0.943907056186028,0.625800285598644,1.07733293227377,3,Regular Customers
15199,0.798927899057388,0.732568747710418,1.14519656761806,0,Loyal Customers
15200,1.01911430491452,0.423035857164402,1.09502068992899,1,At Risk Customers
15201,0.98338429212101,0.554618356622274,1.09951954808628,3,Regular Customers
15202,0.96241498725723,0.625800285598644,1.18543767546566,0,Loyal Customers
15203,0.899204137093441,0.786047879585602,1.15711815486246,0,Loyal Customers
15207,0.956848463705964,0.625800285598644,1.1048601790085,3,Regular Customers
15208,0.966272952906034,0.423035857164402,1.00289649057661,1,At Risk Customers
15209,1.07578648051123,0.423035857164402,1.03793995949221,1,At Risk Customers
15210,0.837466628755802,0.554618356622274,1.11398364607882,3,Regular Customers
15211,0.423035857164402,0.423035857164402,1.07802186428339,2,VIP Customers
15212,0.820286244339271,0.423035857164402,1.00667118422892,1,At Risk Customers
15215,0.909014982122063,0.672502967079056,1.1416671026805,0,Loyal Customers
15216,1.05714089911136,0.423035857164402,1.07883209981509,1,At Risk Customers
15217,1.04390352365141,0.423035857164402,1.08318355833779,1,At Risk Customers
15218,0.895607189939859,0.810237201722229,1.1838747630032,0,Loyal Customers
15219,1.06298203587431,0.423035857164402,1.07759006113137,1,At Risk Customers
15221,0.554618356622274,0.672502967079056,1.14913992244819,2,VIP Customers
15222,1.00757357875508,0.798927899057388,1.16211889708472,0,Loyal Customers
15223,1.05522522835433,0.625800285598644,1.10343834397303,3,Regular Customers
15224,1.02690751855022,0.625800285598644,1.09503982098511,3,Regular Customers
15227,0.917610260115658,0.672502967079056,1.13063746294252,0,Loyal Customers
15228,0.972187368078744,0.554618356622274,1.15139537971868,3,Regular Customers
15229,1.0499184031564,0.423035857164402,1.03166924306667,1,At Risk Customers
15231,1.05776140227984,0.423035857164402,1.05635489395372,1,At Risk Customers
15233,0.92987564040383,0.423035857164402,0.966768790013969,1,At Risk Customers
15235,0.706395054279679,0.732568747710418,1.10526776640595,2,VIP Customers
15240,0.798927899057388,0.753653330845511,1.15952029017129,0,Loyal Customers
15241,0.974393832083351,0.625800285598644,1.13139736416358,3,Regular Customers
15242,0.965014756302866,0.423035857164402,1.06614927518524,1,At Risk Customers
15243,0.979563883308144,0.423035857164402,1.09982835227301,1,At Risk Customers
15244,1.06614250502265,0.423035857164402,1.06234147042494,1,At Risk Customers
15245,0.932077249682868,0.706395054279679,1.14971828974919,0,Loyal Customers
15246,1.04161151113307,0.423035857164402,1.05962119513729,1,At Risk Customers
15247,1.0104353962562,0.554618356622274,1.10051647226381,3,Regular Customers
15248,0.949083336953801,0.625800285598644,1.1459960655827,3,Regular Customers
15249,0.974393832083351,0.706395054279679,1.15718928061378,0,Loyal Customers
15250,1.06149939993085,0.423035857164402,0.967504775196054,1,At Risk Customers
15251,0.953859785790446,0.798927899057388,1.20051447879237,0,Loyal Customers
15252,0.96372913748031,0.625800285598644,1.13343725730156,3,Regular Customers
15253,0.93420673023127,0.625800285598644,1.12624278878088,3,Regular Customers
15254,1.03888993689051,0.554618356622274,1.11100678178747,3,Regular Customers
15255,0.917610260115658,0.771164660636414,1.16029861638499,0,Loyal Customers
15256,1.04334110028754,0.423035857164402,0.980495037726115,1,At Risk Customers
15257,0.953859785790446,0.423035857164402,1.07615489384359,1,At Risk Customers
15259,1.02690751855022,0.672502967079056,1.12781918468378,3,Regular Customers
15260,0.771164660636414,0.874369583994872,1.19185152551431,0,Loyal Customers
15261,0.85802782528634,0.625800285598644,1.13013743307167,3,Regular Customers
15262,0.851732346927839,0.554618356622274,1.05409503619573,3,Regular Customers
15264,1.03362361622041,0.423035857164402,1.08625392061314,1,At Risk Customers
15265,1.0541240344065,0.554618356622274,1.14490998190101,3,Regular Customers
15266,0.84490704589724,0.672502967079056,1.10788116945199,3,Regular Customers
15268,1.01098912355426,0.625800285598644,1.119411691502,3,Regular Customers
15269,0.851732346927839,0.554618356622274,1.11252877977526,3,Regular Customers
15270,0.927597350695399,0.837466628755802,1.18618279513924,0,Loyal Customers
15271,0.423035857164402,0.798927899057388,1.15061331918348,2,VIP Customers
15272,0.992707283229087,0.672502967079056,1.1318606995644,3,Regular Customers
15273,1.05299489116356,0.423035857164402,1.05159169041423,1,At Risk Customers
15276,0.912001235290911,0.625800285598644,1.08988017619713,3,Regular Customers
15277,0.968711214153241,0.423035857164402,1.04953467430449,1,At Risk Customers
15278,1.04334110028754,0.672502967079056,1.09035093255418,3,Regular Customers
15279,0.851732346927839,0.672502967079056,1.13128459279156,0,Loyal Customers
15280,1.0162184958954,0.554618356622274,1.06305485031935,3,Regular Customers
15281,0.837466628755802,0.753653330845511,1.18651825385195,0,Loyal Customers
15282,1.04581950328919,0.423035857164402,1.0733748803668,1,At Risk Customers
15283,0.899204137093441,0.625800285598644,1.02703944183842,3,Regular Customers
15284,1.02185118922711,0.423035857164402,0.894679110893837,1,At Risk Customers
15285,0.942081923268111,0.423035857164402,0.999244894922027,1,At Risk Customers
15287,0.84490704589724,0.625800285598644,1.07623350905493,3,Regular Customers
15288,0.423035857164402,0.732568747710418,1.13903023728803,2,VIP Customers
15289,0.998606382916698,0.554618356622274,1.10284048839161,3,Regular Customers
15290,0.909014982122063,0.771164660636414,1.15685038459784,0,Loyal Customers
15291,0.786047879585602,0.899204137093441,1.19845103768997,0,Loyal Customers
15293,1.06597290147649,0.423035857164402,1.05576573969206,1,At Risk Customers
15294,0.947405270060277,0.423035857164402,1.05261591425164,1,At Risk Customers
15295,1.0640615528014,0.423035857164402,1.04609744792799,1,At Risk Customers
15296,0.96241498725723,0.732568747710418,1.18864869496779,0,Loyal Customers
15298,0.554618356622274,0.820286244339271,1.17732600192852,2,VIP Customers
15299,0.771164660636414,0.732568747710418,1.16765639465022,0,Loyal Customers
15301,0.672502967079056,0.732568747710418,1.15657114909497,2,VIP Customers
15302,1.07578648051123,0.423035857164402,1.06714621552117,1,At Risk Customers
15303,1.04445915654612,0.554618356622274,1.10262635024203,3,Regular Customers
15304,0.672502967079056,0.554618356622274,1.05068342713154,3,Regular Customers
15305,1.04161151113307,0.423035857164402,0.998326360604902,1,At Risk Customers
15306,1.02185118922711,0.732568747710418,1.15327429720371,0,Loyal Customers
15309,1.05544222511061,0.672502967079056,1.11154515041337,3,Regular Customers
15310,1.01098912355426,0.423035857164402,1.14045988167453,3,Regular Customers
15311,0.423035857164402,1.01470552770037,1.24681169478045,2,VIP Customers
15312,0.869294239284948,0.771164660636414,1.14811174099522,0,Loyal Customers
15314,0.952308580694242,0.554618356622274,1.09000430746279,3,Regular Customers
15317,1.06796494418334,0.423035857164402,1.01899693376243,1,At Risk Customers
15321,0.981506595544463,0.786047879585602,1.17197371554094,0,Loyal Customers
15322,1.0098756237601,0.423035857164402,1.10657137309568,1,At Risk Customers
15323,1.04362317034645,0.625800285598644,1.08411137140324,3,Regular Customers
15324,1.07168839996646,0.423035857164402,1.02368930610695,1,At Risk Customers
15325,0.914863320248503,0.753653330845511,1.13558204185445,0,Loyal Customers
15326,1.05522522835433,0.672502967079056,1.13418107563655,3,Regular Customers
15328,0.942081923268111,0.423035857164402,1.00712434598445,1,At Risk Customers
15329,0.798927899057388,0.771164660636414,1.14629305208416,0,Loyal Customers
15331,1.02140539923958,0.625800285598644,1.10989784288935,3,Regular Customers
15332,0.554618356622274,0.732568747710418,1.17891313205568,2,VIP Customers
15336,0.92987564040383,0.423035857164402,1.05423539015298,1,At Risk Customers
15337,0.949083336953801,0.423035857164402,1.07672050361113,1,At Risk Customers
15338,1.06796494418334,0.423035857164402,1.06186175799567,1,At Risk Customers
15339,0.96372913748031,0.706395054279679,1.12993961967127,0,Loyal Customers
15340,1.04334110028754,0.423035857164402,1.00608094139882,1,At Risk Customers
15341,0.991922356299061,0.423035857164402,1.07791082391497,1,At Risk Customers
15346,0.968711214153241,0.554618356622274,1.07267160643466,3,Regular Customers
15347,0.554618356622274,0.672502967079056,1.12712182517878,2,VIP Customers
15350,0.786047879585602,0.554618356622274,1.0948998628758,3,Regular Customers
15351,0.706395054279679,0.672502967079056,1.14347193577885,2,VIP Customers
15352,1.03950861169563,0.423035857164402,1.0093949727859,1,At Risk Customers
15353,0.625800285598644,0.732568747710418,1.15367176482039,2,VIP Customers
15354,1.05390048335045,0.625800285598644,1.06305485031935,3,Regular Customers
15356,0.672502967079056,0.672502967079056,1.10360211401449,2,VIP Customers
15358,0.423035857164402,0.883605064784244,1.19686233023443,2,VIP Customers
15359,1.06546001800065,0.771164660636414,1.0386870923247,3,Regular Customers
15361,1.03221023266022,0.625800285598644,1.06038222449556,3,Regular Customers
15362,0.991125924427997,0.554618356622274,1.10000995550326,3,Regular Customers
15363,0.771164660636414,0.554618356622274,1.10448510006605,3,Regular Customers
15365,0.93420673023127,0.732568747710418,1.15220122311207,0,Loyal Customers
15366,0.945680643631524,0.706395054279679,1.14381684227765,0,Loyal Customers
15367,0.959696320446474,0.753653330845511,1.16478551087409,0,Loyal Customers
15368,0.912001235290911,0.423035857164402,1.06146167624446,1,At Risk Customers
15369,1.01816751885054,0.810237201722229,1.18671864580561,0,Loyal Customers
15370,0.947405270060277,0.423035857164402,1.13315831372743,3,Regular Customers
15371,1.06546001800065,0.423035857164402,0.966768790013969,1,At Risk Customers
15372,0.992707283229087,0.753653330845511,1.17237708278269,0,Loyal Customers
15373,0.753653330845511,0.732568747710418,1.12113664735591,0,Loyal Customers
15374,1.05837326728565,0.423035857164402,1.02330300289457,1,At Risk Customers
15375,1.07002249278068,0.423035857164402,0.968663432022844,1,At Risk Customers
15377,0.863862787100884,0.672502967079056,1.12879994986973,0,Loyal Customers
15378,1.00132824164135,0.554618356622274,1.05555032618511,1,At Risk Customers
15379,0.927597350695399,0.423035857164402,1.12755292481003,3,Regular Customers
15380,0.423035857164402,0.753653330845511,1.14386363075967,2,VIP Customers
15381,0.966272952906034,0.625800285598644,1.13139736416358,3,Regular Customers
15382,0.798927899057388,0.732568747710418,1.19346569213508,0,Loyal Customers
15384,0.85802782528634,0.554618356622274,1.13408455332635,3,Regular Customers
15385,0.905894483417168,0.554618356622274,1.10088519277509,3,Regular Customers
15387,1.01816751885054,0.423035857164402,1.08768288748126,1,At Risk Customers
15389,0.927597350695399,0.672502967079056,1.15205532970297,0,Loyal Customers
15390,0.917610260115658,0.554618356622274,1.12896121408131,3,Regular Customers
15391,1.04942585093474,0.423035857164402,1.06403844765514,1,At Risk Customers
15392,0.798927899057388,0.625800285598644,1.1338217289189,0,Loyal Customers
15393,1.04500814899184,0.625800285598644,1.10325643005131,3,Regular Customers
15394,0.914863320248503,0.753653330845511,1.16368750072129,0,Loyal Customers
15396,1.04917754625981,0.423035857164402,1.09146409664752,1,At Risk Customers
15400,0.96241498725723,0.625800285598644,1.09798621427941,3,Regular Customers
15401,0.994243814213533,0.554618356622274,1.04866422085281,1,At Risk Customers
15402,0.887827694546274,0.672502967079056,1.12853622720692,0,Loyal Customers
15403,1.01768731722123,0.554618356622274,1.03529295695218,1,At Risk Customers
15404,0.810237201722229,0.423035857164402,1.05777372348643,1,At Risk Customers
15405,1.04740022867383,0.423035857164402,1.06759682975197,1,At Risk Customers
15406,0.994995986631273,0.554618356622274,1.0873311883894,3,Regular Customers
15409,1.074557313026,0.423035857164402,1.0196970510539,1,At Risk Customers
15410,1.04528020061692,0.554618356622274,1.12955308801619,3,Regular Customers
15413,1.07017669329596,0.706395054279679,1.18933413432469,0,Loyal Customers
15416,1.01098912355426,0.625800285598644,1.09817064360966,3,Regular Customers
15418,0.968711214153241,0.554618356622274,1.0857052256036,3,Regular Customers
15420,0.978566837930225,0.732568747710418,1.10847394899865,3,Regular Customers
15421,0.87912862186124,0.732568747710418,1.16079001428154,0,Loyal Customers
15422,0.84490704589724,0.706395054279679,1.13773592341907,0,Loyal Customers
15423,1.04867681047647,0.554618356622274,1.05025758736116,1,At Risk Customers
15424,1.0019873653802,0.423035857164402,1.04802768606729,1,At Risk Customers
15425,0.927597350695399,0.672502967079056,1.1469092775837,0,Loyal Customers
15426,0.706395054279679,0.706395054279679,1.12617038313673,2,VIP Customers
15428,0.887827694546274,0.625800285598644,1.10388733351744,3,Regular Customers
15430,1.00454417714874,0.554618356622274,1.11910231385775,3,Regular Customers
15431,1.02273088350259,0.423035857164402,1.02896108079762,1,At Risk Customers
15432,1.03730652062128,0.423035857164402,1.02753197737338,1,At Risk Customers
15434,0.798927899057388,0.732568747710418,1.13781944904818,0,Loyal Customers
15437,1.06149939993085,0.423035857164402,1.04227929249994,1,At Risk Customers
15439,0.936268254134964,0.672502967079056,1.13063621494281,3,Regular Customers
15441,0.917610260115658,0.625800285598644,1.13017002730753,3,Regular Customers
15443,1.00873744999341,0.753653330845511,1.14612750721507,0,Loyal Customers
15445,1.05088765459954,0.423035857164402,1.03533327505373,1,At Risk Customers
15446,0.820286244339271,0.625800285598644,1.08009453917019,3,Regular Customers
15447,1.03256752219647,0.672502967079056,1.07179369057139,3,Regular Customers
15448,1.06747560063057,0.423035857164402,1.06479618416135,1,At Risk Customers
15451,0.978566837930225,0.554618356622274,1.05109334513958,1,At Risk Customers
15452,0.899204137093441,0.625800285598644,1.1302464857381,3,Regular Customers
15454,1.05714089911136,0.423035857164402,1.01763421284903,1,At Risk Customers
15455,1.05253511046058,0.423035857164402,0.932616212758315,1,At Risk Customers
15456,0.93420673023127,0.753653330845511,1.14097446360953,0,Loyal Customers
15458,0.932077249682868,0.423035857164402,1.04656399698683,1,At Risk Customers
15459,0.958289233840266,0.554618356622274,1.04496173922757,1,At Risk Customers
15461,0.999984786274994,0.554618356622274,1.0835701544424,3,Regular Customers
15462,0.98866440976494,0.423035857164402,1.09093641359308,1,At Risk Customers
15465,0.706395054279679,0.84490704589724,1.18137711266584,2,VIP Customers
15466,0.895607189939859,0.625800285598644,1.1292636261763,3,Regular Customers
15468,0.905894483417168,0.423035857164402,1.11945775898536,3,Regular Customers
15469,0.982453320777553,0.423035857164402,1.07149492659192,1,At Risk Customers
15470,1.04714055168876,0.423035857164402,0.971531368108991,1,At Risk Customers
15471,0.851732346927839,0.554618356622274,1.11360675444352,3,Regular Customers
15473,0.987818703754018,0.423035857164402,1.06127256459741,1,At Risk Customers
15474,1.05207055402861,0.423035857164402,1.02783925763772,1,At Risk Customers
15476,0.851732346927839,0.672502967079056,1.15166634265987,0,Loyal Customers
15477,1.06316384226145,0.423035857164402,1.07610818688839,1,At Risk Customers
15478,1.04714055168876,0.423035857164402,1.09779005439328,1,At Risk Customers
15479,1.07618822364698,0.423035857164402,1.02666673763433,1,At Risk Customers
15480,1.0032813507728,0.672502967079056,1.18192978021749,0,Loyal Customers
15481,0.92987564040383,0.423035857164402,1.14789045403379,3,Regular Customers
15482,0.883605064784244,0.753653330845511,1.16816925012892,0,Loyal Customers
15483,0.87912862186124,0.732568747710418,1.09848062714426,0,Loyal Customers
15484,1.03698332858472,0.554618356622274,1.1234686721864,3,Regular Customers
15485,0.786047879585602,0.706395054279679,1.16459465177144,0,Loyal Customers
15486,1.03256752219647,0.423035857164402,1.0039165724299,1,At Risk Customers
15487,1.06828806917001,0.423035857164402,1.05214520777432,1,At Risk Customers
15488,0.99719132727709,0.672502967079056,1.072219558585,3,Regular Customers
15489,0.927597350695399,0.706395054279679,1.13114041089506,0,Loyal Customers
15490,0.974393832083351,0.423035857164402,1.04710147205884,1,At Risk Customers
15493,0.895607189939859,0.672502967079056,1.15097344428044,0,Loyal Customers
15494,1.01098912355426,0.625800285598644,1.15497050152008,3,Regular Customers
15495,0.84490704589724,0.423035857164402,1.05555032618511,1,At Risk Customers
15496,1.0597685814372,0.423035857164402,1.02615718881736,1,At Risk Customers
15497,0.863862787100884,0.753653330845511,1.19192508289531,0,Loyal Customers
15498,0.554618356622274,0.869294239284948,1.20777847684692,2,VIP Customers
15499,1.07483362805941,0.423035857164402,1.03099349733921,1,At Risk Customers
15501,0.936268254134964,0.554618356622274,1.08011876416877,3,Regular Customers
15502,0.672502967079056,0.706395054279679,1.16827196926125,2,VIP Customers
15503,1.07524468002232,0.423035857164402,1.01221889435985,1,At Risk Customers
15504,1.03000866428659,0.625800285598644,1.07355702737278,3,Regular Customers
15506,0.85802782528634,0.625800285598644,1.12333633655211,3,Regular Customers
15509,0.851732346927839,0.423035857164402,1.02864154919731,1,At Risk Customers
15512,0.899204137093441,0.554618356622274,1.04703104410272,1,At Risk Customers
15513,0.423035857164402,0.863862787100884,1.20857917123232,2,VIP Customers
15514,0.84490704589724,0.753653330845511,1.15416638929356,0,Loyal Customers
15515,0.887827694546274,0.423035857164402,1.03560452738506,1,At Risk Customers
15518,0.84490704589724,0.753653330845511,1.15261257485676,0,Loyal Customers
15519,0.869294239284948,0.554618356622274,1.0728033817204,3,Regular Customers
15521,0.927597350695399,0.771164660636414,1.17310192609053,0,Loyal Customers
15523,0.891821261528334,0.84490704589724,1.21587066480996,0,Loyal Customers
15524,1.05456779374899,0.423035857164402,1.02824985306083,1,At Risk Customers
15525,0.786047879585602,0.554618356622274,1.08369007010987,3,Regular Customers
15527,0.912001235290911,0.84490704589724,1.16394349627091,0,Loyal Customers
15529,0.554618356622274,0.554618356622274,1.12552016413217,2,VIP Customers
15530,1.02690751855022,0.423035857164402,1.06769976665672,1,At Risk Customers
15532,0.820286244339271,0.732568747710418,1.15107154680143,0,Loyal Customers
15534,1.07510811504627,0.423035857164402,1.03229980577084,1,At Risk Customers
15535,0.936268254134964,0.554618356622274,1.09438484969805,3,Regular Customers
15536,0.945680643631524,0.423035857164402,1.05818856763066,1,At Risk Customers
15538,1.03600023257742,0.732568747710418,1.16640080881475,0,Loyal Customers
15540,0.810237201722229,0.423035857164402,1.05573994536162,1,At Risk Customers
15542,1.02690751855022,0.625800285598644,1.11451604918386,3,Regular Customers
15543,0.999300056856555,0.423035857164402,1.01120894856505,1,At Risk Customers
15544,0.771164660636414,0.820286244339271,1.17701819077426,0,Loyal Customers
15545,0.753653330845511,0.423035857164402,1.021552954389,1,At Risk Customers
15546,1.05456779374899,0.554618356622274,1.12413085276984,3,Regular Customers
15547,0.820286244339271,0.820286244339271,1.18054524307676,0,Loyal Customers
15548,1.05207055402861,0.423035857164402,1.03078705656332,1,At Risk Customers
15549,0.96372913748031,0.706395054279679,1.1027991153137,3,Regular Customers
15550,0.837466628755802,0.771164660636414,1.14047802526564,0,Loyal Customers
15551,0.912001235290911,0.732568747710418,1.12983756719916,0,Loyal Customers
15552,1.05817025831518,0.423035857164402,1.03235346918326,1,At Risk Customers
15555,0.423035857164402,0.883605064784244,1.19139220968457,2,VIP Customers
15558,1.06131045286597,0.423035857164402,1.04492075039652,1,At Risk Customers
15559,1.04528020061692,0.423035857164402,1.12525414682044,3,Regular Customers
15560,0.920250163124061,0.554618356622274,1.0290683998178,1,At Risk Customers
15561,0.869294239284948,0.672502967079056,1.12613305645493,0,Loyal Customers
15562,0.967504775196054,0.554618356622274,1.09399469168975,3,Regular Customers
15563,1.02770161610933,0.625800285598644,1.13609820746943,3,Regular Customers
15564,1.0019873653802,0.554618356622274,0.979306338847353,1,At Risk Customers
15566,0.905894483417168,0.554618356622274,1.05133371591998,3,Regular Customers
15569,0.899204137093441,0.706395054279679,1.15162951487964,0,Loyal Customers
15570,0.706395054279679,0.837466628755802,1.18028701189006,2,VIP Customers
15571,0.883605064784244,0.798927899057388,1.16519243715407,0,Loyal Customers
15572,0.851732346927839,0.625800285598644,1.13536735897217,3,Regular Customers
15573,1.05714089911136,0.625800285598644,1.09883410384496,3,Regular Customers
15574,0.771164660636414,0.625800285598644,1.11028436181346,3,Regular Customers
15575,1.05734870723575,0.423035857164402,0.912292874710041,1,At Risk Customers
15577,1.07483362805941,0.554618356622274,1.02235892704612,1,At Risk Customers
15579,0.869294239284948,0.625800285598644,1.11769640863667,3,Regular Customers
15580,0.820286244339271,0.771164660636414,1.13380184182072,0,Loyal Customers
15581,0.554618356622274,0.899204137093441,1.17293075115531,2,VIP Customers
15583,0.820286244339271,0.423035857164402,0.999957566184537,1,At Risk Customers
15584,0.925237402907562,0.554618356622274,1.09487815740364,3,Regular Customers
15586,1.05136456149821,0.625800285598644,1.12632105780367,3,Regular Customers
15587,0.905894483417168,0.625800285598644,1.09966652397795,3,Regular Customers
15588,1.06796494418334,0.423035857164402,1.09748221359988,1,At Risk Customers
15590,0.863862787100884,0.706395054279679,1.13708093323058,0,Loyal Customers
15591,1.04892787079614,0.625800285598644,1.04890282731662,3,Regular Customers
15595,1.01571919790023,0.423035857164402,1.07464040082695,1,At Risk Customers
15596,0.423035857164402,0.706395054279679,1.14246379883946,2,VIP Customers
15597,1.04714055168876,0.423035857164402,1.05385563809964,1,At Risk Customers
15598,0.97105164486998,0.423035857164402,1.06703695682099,1,At Risk Customers
15599,0.98866440976494,0.423035857164402,1.08960876118964,1,At Risk Customers
15600,0.972187368078744,0.672502967079056,1.12838794640421,3,Regular Customers
15601,0.771164660636414,0.85802782528634,1.19500826242209,0,Loyal Customers
15602,0.672502967079056,0.771164660636414,1.14674707387799,2,VIP Customers
15603,1.06298203587431,0.423035857164402,0.936268254134964,1,At Risk Customers
15605,0.786047879585602,0.706395054279679,1.1082148603358,0,Loyal Customers
15606,0.899204137093441,0.771164660636414,1.15328132213784,0,Loyal Customers
15607,1.03794631447655,0.771164660636414,1.13974412847938,0,Loyal Customers
15608,0.955372512799918,0.423035857164402,1.10539462629563,1,At Risk Customers
15611,0.869294239284948,0.829304666300179,1.13465597433756,0,Loyal Customers
15613,1.05544222511061,0.423035857164402,1.08401470823331,1,At Risk Customers
15614,0.981506595544463,0.672502967079056,1.16417434765929,0,Loyal Customers
15615,0.899204137093441,0.891821261528334,1.2037148416074,0,Loyal Customers
15616,0.982453320777553,0.423035857164402,1.06862631892813,1,At Risk Customers
15617,0.917610260115658,0.625800285598644,1.11314904472271,3,Regular Customers
15620,0.945680643631524,0.423035857164402,1.07879334232258,1,At Risk Customers
15622,0.97105164486998,0.771164660636414,1.17346425431246,0,Loyal Customers
15623,0.909014982122063,0.753653330845511,1.15042709599554,0,Loyal Customers
15625,0.820286244339271,0.706395054279679,1.14199402100926,0,Loyal Customers
15626,0.96372913748031,0.423035857164402,1.07910982698197,1,At Risk Customers
15627,0.997903547828628,0.554618356622274,1.09647795965637,3,Regular Customers
15628,0.554618356622274,0.786047879585602,1.15988330841091,2,VIP Customers
15629,0.992707283229087,0.672502967079056,1.15217035203937,0,Loyal Customers
15630,1.06224706395806,0.423035857164402,1.06494962171488,1,At Risk Customers
15631,1.06187484379026,0.423035857164402,1.09879188908948,1,At Risk Customers
15633,1.0256915346265,0.829304666300179,1.17496789658176,0,Loyal Customers
15634,0.869294239284948,0.423035857164402,1.06765568135529,1,At Risk Customers
15635,0.914863320248503,0.423035857164402,1.00286429115239,1,At Risk Customers
15636,0.981506595544463,0.554618356622274,1.10709771120522,3,Regular Customers
15637,0.952308580694242,0.672502967079056,1.09706077802872,3,Regular Customers
15638,0.837466628755802,0.732568747710418,1.15256087007937,0,Loyal Customers
15639,0.993481006020529,0.554618356622274,1.10191059169745,3,Regular Customers
15640,0.771164660636414,0.84490704589724,1.20485094291742,0,Loyal Customers
15641,0.917610260115658,0.771164660636414,1.16740009905358,0,Loyal Customers
15642,1.07565169388558,0.423035857164402,1.00625026771249,1,At Risk Customers
15645,0.953859785790446,0.554618356622274,1.08503969487524,3,Regular Customers
15646,0.771164660636414,0.625800285598644,1.0931387225181,3,Regular Customers
15647,0.955372512799918,0.423035857164402,1.03465678484363,1,At Risk Customers
15649,0.625800285598644,0.625800285598644,1.13319855215223,2,VIP Customers
15650,1.03038267286013,0.554618356622274,1.09542046837138,3,Regular Customers
15651,0.96241498725723,0.554618356622274,1.09998657148988,3,Regular Customers
15652,0.887827694546274,0.672502967079056,1.12371774771443,0,Loyal Customers
15658,0.771164660636414,0.672502967079056,1.13447651379219,0,Loyal Customers
15659,0.883605064784244,0.554618356622274,1.05089724249684,3,Regular Customers
15660,0.423035857164402,0.753653330845511,1.12881245769875,2,VIP Customers
15661,0.84490704589724,0.732568747710418,1.11692504071637,0,Loyal Customers
15662,1.06528768235184,0.554618356622274,1.06293281663218,1,At Risk Customers
15664,0.991922356299061,0.625800285598644,1.11509860266432,3,Regular Customers
15665,0.949083336953801,0.625800285598644,1.14335778184644,3,Regular Customers
15666,1.00757357875508,0.554618356622274,1.10143374522935,3,Regular Customers
15670,1.04190430352368,0.423035857164402,1.02854101913229,1,At Risk Customers
15672,1.07510811504627,0.423035857164402,0.946203059816241,1,At Risk Customers
15673,0.993481006020529,0.706395054279679,1.16759355326493,0,Loyal Customers
15674,0.958289233840266,0.771164660636414,1.17619960576943,0,Loyal Customers
15675,0.936268254134964,0.423035857164402,1.04901541401131,1,At Risk Customers
15677,0.96372913748031,0.554618356622274,1.10250617268814,3,Regular Customers
15678,0.914863320248503,0.554618356622274,1.13647347600642,3,Regular Customers
15680,0.554618356622274,0.771164660636414,1.16446359064813,2,VIP Customers
15681,0.84490704589724,0.786047879585602,1.13876260446824,0,Loyal Customers
15682,1.05299489116356,0.554618356622274,1.06880636297947,3,Regular Customers
15683,1.00815879292083,0.423035857164402,1.07075604346222,1,At Risk Customers
15684,1.03920029798607,0.625800285598644,1.03631376914498,1,At Risk Customers
15685,0.992707283229087,0.423035857164402,0.962388405277332,1,At Risk Customers
15686,0.96241498725723,0.423035857164402,0.995737791893044,1,At Risk Customers
15688,0.959696320446474,0.423035857164402,1.04148503965002,1,At Risk Customers
15689,1.05693210585141,0.423035857164402,1.05975484641208,1,At Risk Customers
15691,0.912001235290911,0.625800285598644,1.08410039865175,3,Regular Customers
15693,1.06494091835729,0.423035857164402,0.930985736207726,1,At Risk Customers
15694,0.423035857164402,0.820286244339271,1.17493331573213,2,VIP Customers
15695,1.05253511046058,0.554618356622274,1.10717264161816,3,Regular Customers
15696,0.966272952906034,0.706395054279679,1.12740102334225,0,Loyal Customers
15697,1.06986772639587,0.423035857164402,1.05560427791969,1,At Risk Customers
15698,1.05837326728565,0.423035857164402,0.947744534381851,1,At Risk Customers
15702,1.0098756237601,0.554618356622274,1.02376193491383,1,At Risk Customers
15704,1.02273088350259,0.554618356622274,1.13561759917392,3,Regular Customers
15708,0.706395054279679,0.625800285598644,1.11972437525303,2,VIP Customers
15709,1.05064729056294,0.423035857164402,1.04265701022602,1,At Risk Customers
15710,0.958289233840266,0.423035857164402,1.11658716598309,3,Regular Customers
15711,1.04190430352368,0.554618356622274,1.08250539030466,3,Regular Customers
15712,0.84490704589724,0.753653330845511,1.15464389685092,0,Loyal Customers
15713,0.554618356622274,0.625800285598644,1.10289332552599,2,VIP Customers
15714,0.994995986631273,0.625800285598644,1.08617793089298,3,Regular Customers
15715,1.04161151113307,0.706395054279679,1.10315842080135,3,Regular Customers
15716,0.706395054279679,0.771164660636414,1.14637890103993,2,VIP Customers
15717,0.96372913748031,0.672502967079056,1.08646551111214,3,Regular Customers
15718,1.03698332858472,0.423035857164402,1.06472975709115,1,At Risk Customers
15719,0.85802782528634,0.863862787100884,1.18066654250196,0,Loyal Customers
15720,1.04011919575166,0.423035857164402,1.02380460765138,1,At Risk Customers
15722,0.98866440976494,0.732568747710418,1.1627783859974,0,Loyal Customers
15723,0.949083336953801,0.625800285598644,1.10829869275916,3,Regular Customers
15724,0.927597350695399,0.423035857164402,0.997619798691739,1,At Risk Customers
15726,0.899204137093441,0.423035857164402,1.06938588081948,1,At Risk Customers
15727,0.887827694546274,0.771164660636414,1.1740157869772,0,Loyal Customers
15728,0.84490704589724,0.554618356622274,1.09464867242247,3,Regular Customers
15729,0.927597350695399,0.554618356622274,1.00730805657239,1,At Risk Customers
15730,0.85802782528634,0.554618356622274,1.09946697188207,3,Regular Customers
15731,1.04102032270484,0.423035857164402,1.01686026553878,1,At Risk Customers
15732,0.771164660636414,0.786047879585602,1.13415690069477,0,Loyal Customers
15734,0.980543622089699,0.554618356622274,1.11773345972757,3,Regular Customers
15735,0.96372913748031,0.423035857164402,1.07028122837759,1,At Risk Customers
15736,0.979563883308144,0.554618356622274,1.14340587310417,3,Regular Customers
15738,0.771164660636414,0.899204137093441,1.19636604293194,0,Loyal Customers
15741,0.998606382916698,0.554618356622274,1.04651650006627,1,At Risk Customers
15742,1.05734870723575,0.423035857164402,1.03033421581476,1,At Risk Customers
15747,0.810237201722229,0.732568747710418,1.1385076040998,0,Loyal Customers
15748,0.991922356299061,0.554618356622274,1.08736053156636,3,Regular Customers
15750,0.554618356622274,0.820286244339271,1.17492609793844,2,VIP Customers
15751,0.999984786274994,0.810237201722229,1.1339450506066,0,Loyal Customers
15752,0.771164660636414,0.625800285598644,1.13862563525896,0,Loyal Customers
15754,1.01864315500103,0.732568747710418,1.15720992604302,0,Loyal Customers
15755,0.84490704589724,0.810237201722229,1.16903103024887,0,Loyal Customers
15757,0.883605064784244,0.672502967079056,1.15192750352052,0,Loyal Customers
15759,1.0265055527832,0.672502967079056,1.09734851479453,3,Regular Customers
15760,1.05957195563526,0.554618356622274,1.2105298770355,3,Regular Customers
15761,0.986087311088335,0.423035857164402,1.02488458446754,1,At Risk Customers
15764,0.978566837930225,0.554618356622274,1.12917191230317,3,Regular Customers
15765,1.06614250502265,0.423035857164402,1.07640487687839,1,At Risk Customers
15766,0.99719132727709,0.554618356622274,1.09216873485232,3,Regular Customers
15768,1.0098756237601,0.914863320248503,1.21204882218461,0,Loyal Customers
15769,0.753653330845511,0.87912862186124,1.23329451343905,0,Loyal Customers
15770,1.05587305448721,0.423035857164402,1.06931367746115,1,At Risk Customers
15771,1.0541240344065,0.625800285598644,1.12128446336354,3,Regular Customers
15772,0.959696320446474,0.423035857164402,1.0624098327381,1,At Risk Customers
15773,0.945680643631524,0.423035857164402,1.02309572759851,1,At Risk Customers
15774,0.959696320446474,0.706395054279679,1.12173108774274,3,Regular Customers
15775,1.0597685814372,0.423035857164402,0.946721137219136,1,At Risk Customers
15777,0.917610260115658,0.625800285598644,1.10683547489111,3,Regular Customers
15778,0.975466054775925,0.423035857164402,1.06713794815186,1,At Risk Customers
15779,1.0019873653802,0.554618356622274,1.01625822671888,1,At Risk Customers
15782,0.974393832083351,0.423035857164402,1.13447623524536,3,Regular Customers
15784,1.00454417714874,0.554618356622274,1.11414968052789,3,Regular Customers
15785,0.84490704589724,0.810237201722229,1.16914332577276,0,Loyal Customers
15786,0.958289233840266,0.554618356622274,1.16859746777226,3,Regular Customers
15788,1.02527937775687,0.423035857164402,1.04987674458174,1,At Risk Customers
15789,0.975466054775925,0.706395054279679,1.13989832855178,0,Loyal Customers
15791,1.03327417821402,0.625800285598644,1.14793317091001,3,Regular Customers
15792,0.925237402907562,0.554618356622274,1.11818178905512,3,Regular Customers
15793,0.837466628755802,0.706395054279679,1.13542643928506,0,Loyal Customers
15794,1.07658609632343,0.554618356622274,1.11040400751505,3,Regular Customers
15795,0.974393832083351,0.753653330845511,1.13364431988048,0,Loyal Customers
15796,0.798927899057388,0.786047879585602,1.15557099826766,0,Loyal Customers
15797,1.04867681047647,0.554618356622274,1.10005376180972,3,Regular Customers
15798,1.01816751885054,0.625800285598644,1.13806527043243,3,Regular Customers
15799,0.959696320446474,0.423035857164402,1.0940220197793,1,At Risk Customers
15800,0.994995986631273,0.706395054279679,1.09341805155073,3,Regular Customers
15803,0.98866440976494,0.625800285598644,1.13752224477513,3,Regular Customers
15805,0.87912862186124,0.829304666300179,1.17733495801267,0,Loyal Customers
15807,0.943907056186028,0.554618356622274,1.11726845193143,3,Regular Customers
15808,0.706395054279679,0.863862787100884,1.21165363986286,2,VIP Customers
15809,0.999300056856555,0.554618356622274,1.10937607483425,3,Regular Customers
15810,0.883605064784244,0.672502967079056,1.13981182808753,0,Loyal Customers
15811,0.423035857164402,0.554618356622274,1.13861136575026,2,VIP Customers
15812,0.979563883308144,0.753653330845511,1.16682410701125,0,Loyal Customers
15814,0.909014982122063,0.554618356622274,1.1051920796923,3,Regular Customers
15816,1.03762750670487,0.554618356622274,1.025341423301,1,At Risk Customers
15817,0.96241498725723,0.625800285598644,1.15968564744247,3,Regular Customers
15818,1.05040563593031,0.423035857164402,1.0722048947678,1,At Risk Customers
15819,0.975466054775925,0.732568747710418,1.14854977172525,0,Loyal Customers
15822,1.01864315500103,0.672502967079056,1.11909535980874,3,Regular Customers
15823,0.771164660636414,0.625800285598644,1.17129873300787,0,Loyal Customers
15824,0.994995986631273,0.554618356622274,1.11621546499618,3,Regular Customers
15826,1.04528020061692,0.423035857164402,1.1186307171998,3,Regular Customers
15827,0.771164660636414,0.851732346927839,1.1472293585132,0,Loyal Customers
15828,0.810237201722229,0.423035857164402,1.12523298162133,3,Regular Customers
15833,1.07671787238121,0.423035857164402,0.988158549240057,1,At Risk Customers
15834,0.820286244339271,0.625800285598644,1.13816194399085,0,Loyal Customers
15837,1.01470552770037,0.423035857164402,1.07827092861229,1,At Risk Customers
15838,0.625800285598644,0.851732346927839,1.23890454648737,2,VIP Customers
15841,0.883605064784244,0.706395054279679,1.13763673245391,0,Loyal Customers
15842,0.909014982122063,0.554618356622274,1.09499988457021,3,Regular Customers
15845,1.03566792986984,0.625800285598644,1.10677511722623,3,Regular Customers
15846,0.87912862186124,0.423035857164402,1.00698762240853,1,At Risk Customers
15847,0.972187368078744,0.625800285598644,1.08396849147419,3,Regular Customers
15848,1.05776140227984,0.423035857164402,1.02272652381071,1,At Risk Customers
15850,0.820286244339271,0.672502967079056,1.11011920907078,0,Loyal Customers
15851,1.03221023266022,0.423035857164402,1.00858185111486,1,At Risk Customers
15852,1.03221023266022,0.423035857164402,1.00035765096749,1,At Risk Customers
15854,0.820286244339271,0.786047879585602,1.15762159296769,0,Loyal Customers
15855,1.0098756237601,0.423035857164402,1.07220196138787,1,At Risk Customers
15856,0.423035857164402,0.899204137093441,1.21723623242722,2,VIP Customers
15857,0.974393832083351,0.423035857164402,1.06102166995643,1,At Risk Customers
15858,0.625800285598644,0.786047879585602,1.15622765502805,2,VIP Customers
15859,0.976518532381328,0.423035857164402,1.08453264512112,1,At Risk Customers
15860,0.672502967079056,0.798927899057388,1.13713757591091,2,VIP Customers
15861,0.99719132727709,0.672502967079056,1.12914487168507,3,Regular Customers
15862,0.786047879585602,0.798927899057388,1.1486276215343,0,Loyal Customers
15863,1.05693210585141,0.625800285598644,1.06339183328526,3,Regular Customers
15864,0.85802782528634,0.423035857164402,1.05510324449979,1,At Risk Customers
15865,0.952308580694242,0.554618356622274,1.1329645576411,3,Regular Customers
15867,0.706395054279679,0.85802782528634,1.18103078993202,2,VIP Customers
15868,1.04917754625981,0.423035857164402,0.998975157190236,1,At Risk Customers
15869,1.05877648740131,0.423035857164402,1.03549085772242,1,At Risk Customers
15870,0.917610260115658,0.625800285598644,1.09126487075818,3,Regular Customers
15871,0.981506595544463,0.423035857164402,0.920508554206244,1,At Risk Customers
15872,0.837466628755802,0.554618356622274,1.08166905190772,3,Regular Customers
15873,1.02140539923958,0.672502967079056,1.06811388724486,3,Regular Customers
15874,0.887827694546274,0.837466628755802,1.1896969982729,0,Loyal Customers
15875,1.06261611138933,0.423035857164402,1.00787871683215,1,At Risk Customers
15876,0.945680643631524,0.554618356622274,1.1358349685957,3,Regular Customers
15878,1.04334110028754,0.554618356622274,1.07075300703711,3,Regular Customers
15879,0.936268254134964,0.672502967079056,1.12627503862684,3,Regular Customers
15880,0.706395054279679,0.423035857164402,1.07048799582177,1,At Risk Customers
15882,0.672502967079056,0.732568747710418,1.12016699896142,2,VIP Customers
15884,0.976518532381328,0.554618356622274,1.05513813128963,1,At Risk Customers
15885,0.869294239284948,0.820286244339271,1.13898063146408,0,Loyal Customers
15886,0.956848463705964,0.625800285598644,1.11530118774741,3,Regular Customers
15887,0.940202458817879,0.625800285598644,1.12211669132249,3,Regular Customers
15888,0.927597350695399,0.554618356622274,1.05854508924883,3,Regular Customers
15889,0.706395054279679,0.753653330845511,1.13096380128322,2,VIP Customers
15890,0.912001235290911,0.706395054279679,1.09388946998714,3,Regular Customers
15892,1.06664731220247,0.423035857164402,1.01826300875414,1,At Risk Customers
15893,1.01261520652632,0.423035857164402,1.06669412432504,1,At Risk Customers
15894,0.706395054279679,0.423035857164402,1.02826542620048,1,At Risk Customers
15898,0.625800285598644,0.883605064784244,1.17335372426319,2,VIP Customers
15899,0.672502967079056,0.423035857164402,0.9627462627257,1,At Risk Customers
15900,0.952308580694242,0.625800285598644,1.09504065255565,3,Regular Customers
15901,0.993481006020529,0.672502967079056,1.07153816342178,3,Regular Customers
15902,0.851732346927839,0.423035857164402,1.02569563868637,1,At Risk Customers
15903,0.837466628755802,0.706395054279679,1.17069732838526,0,Loyal Customers
15905,1.03794631447655,0.423035857164402,1.0113677330337,1,At Risk Customers
15906,0.798927899057388,0.625800285598644,1.11943753109821,3,Regular Customers
15908,1.01720246882299,0.554618356622274,1.1093732311771,3,Regular Customers
15910,0.927597350695399,0.753653330845511,1.13538118985109,0,Loyal Customers
15911,1.05817025831518,0.771164660636414,1.14195180593367,0,Loyal Customers
15912,0.980543622089699,0.753653330845511,1.11218910140923,0,Loyal Customers
15913,1.03499623721457,0.423035857164402,0.739344564582417,1,At Risk Customers
15914,0.837466628755802,0.554618356622274,1.04581682252544,3,Regular Customers
15915,0.92987564040383,0.423035857164402,1.07557737363328,1,At Risk Customers
15916,0.554618356622274,0.753653330845511,1.14561895622994,2,VIP Customers
15917,1.05456779374899,0.672502967079056,1.08097191461433,3,Regular Customers
15918,1.0597685814372,0.423035857164402,1.05601217557866,1,At Risk Customers
15919,0.672502967079056,0.423035857164402,1.04793565354511,1,At Risk Customers
15920,0.967504775196054,0.706395054279679,1.0803228922817,3,Regular Customers
15921,0.917610260115658,0.625800285598644,1.08600040570775,3,Regular Customers
15922,0.786047879585602,0.423035857164402,1.07625480266263,1,At Risk Customers
15923,0.771164660636414,0.423035857164402,1.01772590326246,1,At Risk Customers
15924,1.07592082925928,0.423035857164402,1.00443176292797,1,At Risk Customers
15926,1.03762750670487,0.423035857164402,1.02115399204341,1,At Risk Customers
15927,1.06279946093275,0.423035857164402,1.00670710447511,1,At Risk Customers
15928,1.06441546129524,0.423035857164402,1.06468424770235,1,At Risk Customers
15929,1.06224706395806,0.423035857164402,1.09858997118221,1,At Risk Customers
15931,0.972187368078744,0.423035857164402,1.05410172976824,1,At Risk Customers
15934,0.958289233840266,0.554618356622274,1.15134728139171,3,Regular Customers
15936,0.84490704589724,0.554618356622274,1.06276102198547,3,Regular Customers
15938,0.99719132727709,0.672502967079056,1.07067094061557,3,Regular Customers
15939,0.798927899057388,0.423035857164402,1.16187729798147,3,Regular Customers
15941,1.06093007529128,0.423035857164402,1.08072571733139,1,At Risk Customers
15943,1.06316384226145,0.554618356622274,1.06060219289168,1,At Risk Customers
15944,0.909014982122063,0.625800285598644,1.14490226684415,3,Regular Customers
15945,0.423035857164402,0.672502967079056,1.10236021627408,2,VIP Customers
15946,1.02273088350259,0.625800285598644,1.15317734873836,3,Regular Customers
15948,0.967504775196054,0.423035857164402,1.09541799799016,1,At Risk Customers
15950,0.810237201722229,0.732568747710418,1.18194584237243,0,Loyal Customers
15951,0.85802782528634,0.423035857164402,1.06663894748632,1,At Risk Customers
15953,0.706395054279679,0.810237201722229,1.1478434180495,2,VIP Customers
15954,1.05064729056294,0.423035857164402,1.0415380231743,1,At Risk Customers
15955,0.771164660636414,0.786047879585602,1.17424603902635,0,Loyal Customers
15956,1.0404215144188,0.554618356622274,1.10033872734727,3,Regular Customers
15957,0.96241498725723,0.554618356622274,1.08999295292284,3,Regular Customers
15958,0.93420673023127,0.625800285598644,1.07466391217295,3,Regular Customers
15959,1.0687681874899,0.625800285598644,1.09450476178414,3,Regular Customers
15960,0.798927899057388,0.672502967079056,1.08142940394911,3,Regular Customers
15961,0.84490704589724,0.423035857164402,1.08590190476468,1,At Risk Customers
15962,0.991922356299061,0.423035857164402,1.06396905769869,1,At Risk Customers
15964,1.06563166300143,0.423035857164402,1.06020000785245,1,At Risk Customers
15965,0.625800285598644,0.798927899057388,1.15013940086254,2,VIP Customers
15966,0.992707283229087,0.423035857164402,1.08321610367287,1,At Risk Customers
15967,0.84490704589724,0.798927899057388,1.15706207634209,0,Loyal Customers
15968,0.891821261528334,0.423035857164402,1.08067199831279,1,At Risk Customers
15969,0.968711214153241,0.554618356622274,1.08690274938719,3,Regular Customers
15970,1.05276559208806,0.423035857164402,1.1060797715818,1,At Risk Customers
15971,0.87912862186124,0.732568747710418,1.14201266716041,0,Loyal Customers
15972,0.99719132727709,0.706395054279679,1.14345283175334,0,Loyal Customers
15973,0.554618356622274,0.625800285598644,1.10464760090872,2,VIP Customers
15976,0.947405270060277,0.672502967079056,1.13056500333934,3,Regular Customers
15978,0.976518532381328,0.554618356622274,1.15118052760116,3,Regular Customers
15979,1.05367580415838,0.423035857164402,1.07051701510766,1,At Risk Customers
15980,1.01720246882299,0.672502967079056,1.17347841089509,0,Loyal Customers
15981,0.92987564040383,0.829304666300179,1.18518881443657,0,Loyal Customers
15982,1.05434646777119,0.423035857164402,1.06979168312609,1,At Risk Customers
15983,0.423035857164402,0.732568747710418,1.15551117656605,2,VIP Customers
15984,0.672502967079056,0.87912862186124,1.18400299442733,2,VIP Customers
15985,0.980543622089699,0.706395054279679,1.13899012068575,0,Loyal Customers
15986,0.85802782528634,0.423035857164402,1.0402100975702,1,At Risk Customers
15987,0.672502967079056,0.554618356622274,1.04860122020464,3,Regular Customers
15988,1.0404215144188,0.554618356622274,1.09767762149692,3,Regular Customers
15989,0.810237201722229,0.554618356622274,1.07609616798752,3,Regular Customers
15990,1.01911430491452,0.706395054279679,1.12859820883102,3,Regular Customers
15991,1.03499623721457,0.423035857164402,1.02791773491257,1,At Risk Customers
15992,0.917610260115658,0.554618356622274,1.11446167633617,3,Regular Customers
15994,0.949083336953801,0.554618356622274,1.10953157211512,3,Regular Customers
15995,0.953859785790446,0.423035857164402,1.10553619921505,1,At Risk Customers
15996,0.554618356622274,0.554618356622274,1.10030032354956,2,VIP Customers
15998,0.909014982122063,0.810237201722229,1.18084037894649,0,Loyal Customers
15999,1.07645389786816,0.423035857164402,0.876309145568651,1,At Risk Customers
16001,0.85802782528634,0.423035857164402,1.09777688965829,3,Regular Customers
16002,1.05857534099645,0.423035857164402,1.03472827170732,1,At Risk Customers
16003,0.85802782528634,0.706395054279679,1.16107617346296,0,Loyal Customers
16004,1.00873744999341,0.706395054279679,1.15060380456652,0,Loyal Customers
16005,0.810237201722229,0.732568747710418,1.14382125124332,0,Loyal Customers
16006,0.887827694546274,0.423035857164402,1.05216851157273,1,At Risk Customers
16007,0.869294239284948,0.625800285598644,1.13334001864349,3,Regular Customers
16008,0.863862787100884,0.820286244339271,1.17869830721213,0,Loyal Customers
16010,0.820286244339271,0.771164660636414,1.13166298715095,0,Loyal Customers
16011,0.554618356622274,0.837466628755802,1.15590256880579,2,VIP Customers
16012,0.92987564040383,0.554618356622274,1.13875672496906,3,Regular Customers
16013,0.753653330845511,0.93420673023127,1.22057395682863,0,Loyal Customers
16014,0.943907056186028,0.554618356622274,1.08612788607579,3,Regular Customers
16016,0.554618356622274,0.672502967079056,1.12022136103793,2,VIP Customers
16017,0.958289233840266,0.672502967079056,1.1325957783287,3,Regular Customers
16018,0.917610260115658,0.554618356622274,1.06392451805049,3,Regular Customers
16019,0.85802782528634,0.863862787100884,1.2097595799274,0,Loyal Customers
16021,0.914863320248503,0.554618356622274,1.08948529324577,3,Regular Customers
16024,0.949083336953801,0.554618356622274,1.05252586643853,1,At Risk Customers
16027,0.997903547828628,0.786047879585602,1.12541211315813,0,Loyal Customers
16028,1.05207055402861,0.423035857164402,0.989662348708881,1,At Risk Customers
16029,0.771164660636414,0.949083336953801,1.23931000205102,0,Loyal Customers
16032,0.99719132727709,0.732568747710418,1.14737523698943,0,Loyal Customers
16033,0.706395054279679,0.771164660636414,1.14774746540013,2,VIP Customers
16034,0.912001235290911,0.625800285598644,1.08817841267948,3,Regular Customers
16035,1.04305729394222,0.423035857164402,1.04886022157923,1,At Risk Customers
16036,0.967504775196054,0.554618356622274,1.14405428245808,3,Regular Customers
16037,1.03826297107665,0.554618356622274,1.10290889156004,3,Regular Customers
16039,0.966272952906034,0.554618356622274,1.0864344651875,3,Regular Customers
16040,0.974393832083351,0.672502967079056,1.12503273564474,3,Regular Customers
16042,0.84490704589724,0.625800285598644,1.12370440159272,3,Regular Customers
16043,0.84490704589724,0.672502967079056,1.12426247112916,0,Loyal Customers
16044,0.979563883308144,0.423035857164402,1.07225473080206,1,At Risk Customers
16045,0.956848463705964,0.672502967079056,1.14970483207111,0,Loyal Customers
16046,1.04362317034645,0.423035857164402,1.05317293071516,1,At Risk Customers
16047,1.0687681874899,0.423035857164402,1.0070649452673,1,At Risk Customers
16048,0.786047879585602,0.672502967079056,1.11264494583112,0,Loyal Customers
16049,0.810237201722229,0.625800285598644,1.11042280511914,3,Regular Customers
16050,0.869294239284948,0.554618356622274,1.0324962777023,1,At Risk Customers
16051,1.06860875158068,0.423035857164402,1.04085343223903,1,At Risk Customers
16053,0.952308580694242,0.672502967079056,1.15020193365892,0,Loyal Customers
16054,0.959696320446474,0.625800285598644,1.13242689429099,3,Regular Customers
16057,1.0296317282857,0.625800285598644,1.13944602807159,3,Regular Customers
16058,0.940202458817879,0.423035857164402,0.970706536193925,1,At Risk Customers
16059,0.625800285598644,0.753653330845511,1.14235879051121,2,VIP Customers
16060,0.927597350695399,0.625800285598644,1.09442542486157,3,Regular Customers
16061,0.975466054775925,0.423035857164402,0.995479322918036,1,At Risk Customers
16062,0.84490704589724,0.672502967079056,1.14216432647402,0,Loyal Customers
16064,1.07510811504627,0.423035857164402,1.00833887157126,1,At Risk Customers
16065,0.423035857164402,0.771164660636414,1.14786805574942,2,VIP Customers
16067,1.04362317034645,0.625800285598644,1.16547890256669,3,Regular Customers
16068,1.05160112921781,0.423035857164402,1.01193314362764,1,At Risk Customers
16069,0.958289233840266,0.423035857164402,1.08656882324459,1,At Risk Customers
16071,1.03256752219647,0.625800285598644,1.10891193784456,3,Regular Customers
16072,0.972187368078744,0.625800285598644,1.16872138774515,0,Loyal Customers
16074,0.899204137093441,0.423035857164402,1.05682733708504,1,At Risk Customers
16075,1.02273088350259,0.554618356622274,1.1081184820959,3,Regular Customers
16077,1.05857534099645,0.423035857164402,1.15311809412916,3,Regular Customers
16078,1.06664731220247,0.423035857164402,1.06294375908946,1,At Risk Customers
16080,0.87912862186124,0.554618356622274,1.07831777662316,3,Regular Customers
16081,0.554618356622274,0.672502967079056,1.14051799887213,2,VIP Customers
16082,1.06681426294491,0.423035857164402,1.00683262983459,1,At Risk Customers
16083,0.863862787100884,0.554618356622274,1.12238106998211,3,Regular Customers
16085,0.851732346927839,0.753653330845511,1.13334779653192,0,Loyal Customers
16086,0.625800285598644,0.732568747710418,1.14290187202339,2,VIP Customers
16087,0.895607189939859,0.706395054279679,1.14282230450297,0,Loyal Customers
16088,1.04714055168876,0.554618356622274,1.13552026557463,3,Regular Customers
16089,0.883605064784244,0.554618356622274,1.05907449227291,3,Regular Customers
16090,1.05837326728565,0.423035857164402,1.03843936909463,1,At Risk Customers
16092,1.02359515629431,0.625800285598644,1.11001931237323,3,Regular Customers
16094,0.810237201722229,0.753653330845511,1.15773231703,0,Loyal Customers
16095,0.99719132727709,0.423035857164402,1.08545455987808,1,At Risk Customers
16096,0.956848463705964,0.625800285598644,1.13048925604828,3,Regular Customers
16098,0.786047879585602,0.771164660636414,1.15517171163307,0,Loyal Customers
16099,0.958289233840266,0.672502967079056,1.11379720203951,3,Regular Customers
16100,1.00132824164135,0.423035857164402,1.09771875590731,1,At Risk Customers
16101,0.978566837930225,0.625800285598644,1.14685848574717,3,Regular Customers
16103,0.895607189939859,0.851732346927839,1.17803514224319,0,Loyal Customers
16104,0.959696320446474,0.771164660636414,1.15576232117909,0,Loyal Customers
16105,0.982453320777553,0.672502967079056,1.14890829018608,0,Loyal Customers
16108,0.978566837930225,0.625800285598644,1.13431036931585,3,Regular Customers
16109,1.07124056959443,0.423035857164402,1.07026894358263,1,At Risk Customers
16110,1.03075379565817,0.423035857164402,1.08687101850368,1,At Risk Customers
16111,0.972187368078744,0.423035857164402,1.09504397865911,1,At Risk Customers
16115,0.920250163124061,0.672502967079056,1.11630863429448,3,Regular Customers
16117,0.932077249682868,0.554618356622274,1.08272628044615,3,Regular Customers
16118,1.06370470954918,0.423035857164402,1.1752723158069,3,Regular Customers
16119,0.912001235290911,0.732568747710418,1.1315109790732,0,Loyal Customers
16120,0.965014756302866,0.554618356622274,1.1410074315347,3,Regular Customers
16121,0.899204137093441,0.625800285598644,1.0986944664815,3,Regular Customers
16122,0.554618356622274,0.625800285598644,1.06859597075224,2,VIP Customers
16124,0.959696320446474,0.625800285598644,1.13776673374705,3,Regular Customers
16125,0.625800285598644,0.837466628755802,1.17463473887715,2,VIP Customers
16126,0.84490704589724,0.810237201722229,1.19564090698226,0,Loyal Customers
16127,1.07524468002232,0.423035857164402,1.02571615381351,1,At Risk Customers
16128,0.851732346927839,0.732568747710418,1.14651980193609,0,Loyal Customers
16129,0.942081923268111,0.625800285598644,1.13438390921292,3,Regular Customers
16130,0.965014756302866,0.672502967079056,1.12049693998531,3,Regular Customers
16131,0.810237201722229,0.732568747710418,1.18770137976982,0,Loyal Customers
16132,1.03826297107665,0.554618356622274,1.10357154457723,3,Regular Customers
16133,0.820286244339271,0.887827694546274,1.19580777373824,0,Loyal Customers
16134,0.966272952906034,0.625800285598644,1.13786151078351,3,Regular Customers
16135,1.04917754625981,0.423035857164402,1.06612557492201,1,At Risk Customers
16136,1.06563166300143,0.423035857164402,1.05354496914906,1,At Risk Customers
16137,1.06844871355245,0.423035857164402,1.08278414953144,1,At Risk Customers
16138,0.837466628755802,0.625800285598644,1.11711852861596,3,Regular Customers
16139,1.07469570046116,0.554618356622274,1.0883879134957,3,Regular Customers
16140,0.753653330845511,0.554618356622274,1.11334700679579,3,Regular Customers
16141,0.958289233840266,0.423035857164402,1.07147105270557,1,At Risk Customers
16143,0.706395054279679,0.753653330845511,1.1559009900508,2,VIP Customers
16145,0.891821261528334,0.771164660636414,1.16258462755858,0,Loyal Customers
16146,0.991125924427997,0.423035857164402,1.04746491702685,1,At Risk Customers
16147,0.927597350695399,0.672502967079056,1.1484511916985,0,Loyal Customers
16148,0.980543622089699,0.423035857164402,1.06752478922629,1,At Risk Customers
16149,0.97330117724734,0.423035857164402,1.02431803016079,1,At Risk Customers
16150,0.771164660636414,0.732568747710418,1.15377288443128,0,Loyal Customers
16153,0.96241498725723,0.732568747710418,1.16589696431525,0,Loyal Customers
16155,0.85802782528634,0.706395054279679,1.11148828703969,0,Loyal Customers
16156,0.863862787100884,0.810237201722229,1.16360815640135,0,Loyal Customers
16158,1.03075379565817,0.786047879585602,1.10110727130498,0,Loyal Customers
16159,1.006382923783,0.625800285598644,1.11591502351294,3,Regular Customers
16161,0.672502967079056,0.895607189939859,1.19114926553991,2,VIP Customers
16163,0.423035857164402,0.706395054279679,1.14788379171945,2,VIP Customers
16165,1.02402166385738,0.423035857164402,0.987733413356621,1,At Risk Customers
16166,0.972187368078744,0.554618356622274,1.08424609174417,3,Regular Customers
16167,0.953859785790446,0.706395054279679,1.1341054008093,0,Loyal Customers
16168,0.706395054279679,0.936268254134964,1.18956171414328,2,VIP Customers
16170,0.914863320248503,0.837466628755802,1.17951099161522,0,Loyal Customers
16172,1.00815879292083,0.625800285598644,1.10855196210106,3,Regular Customers
16174,1.01768731722123,0.672502967079056,1.12962772395321,3,Regular Customers
16175,1.00698166971579,0.625800285598644,1.11159282589007,3,Regular Customers
16176,0.96372913748031,0.672502967079056,1.14897024744077,0,Loyal Customers
16177,0.980543622089699,0.753653330845511,1.14641399039775,0,Loyal Customers
16178,0.92987564040383,0.423035857164402,1.08186671524751,1,At Risk Customers
16180,1.01098912355426,0.706395054279679,1.18540721496161,0,Loyal Customers
16182,0.982453320777553,0.706395054279679,1.16635603922124,0,Loyal Customers
16183,0.912001235290911,0.625800285598644,1.1082459532878,3,Regular Customers
16185,1.04418217941689,0.423035857164402,1.01170555767493,1,At Risk Customers
16186,0.771164660636414,0.84490704589724,1.17973837692689,0,Loyal Customers
16188,0.943907056186028,0.423035857164402,1.00626234136288,1,At Risk Customers
16190,0.912001235290911,0.753653330845511,1.15622339400213,0,Loyal Customers
16191,0.810237201722229,0.810237201722229,1.2024172881843,0,Loyal Customers
16192,1.07645389786816,0.423035857164402,1.07375958251609,1,At Risk Customers
16193,0.947405270060277,0.423035857164402,1.06844550662126,1,At Risk Customers
16194,0.810237201722229,0.423035857164402,1.06724529895717,1,At Risk Customers
16195,1.07483362805941,0.423035857164402,1.06959551194227,1,At Risk Customers
16196,1.0162184958954,0.423035857164402,0.998115373470006,1,At Risk Customers
16197,1.00577719452483,0.786047879585602,1.14832000683525,0,Loyal Customers
16198,0.981506595544463,0.423035857164402,1.10118100916388,1,At Risk Customers
16199,0.905894483417168,0.753653330845511,1.11857694954208,0,Loyal Customers
16200,0.863862787100884,0.798927899057388,1.17647196710472,0,Loyal Customers
16201,0.955372512799918,0.423035857164402,1.05601217557866,1,At Risk Customers
16202,0.958289233840266,0.771164660636414,1.15043905530757,0,Loyal Customers
16203,0.771164660636414,0.625800285598644,1.09267044509073,3,Regular Customers
16204,0.851732346927839,0.554618356622274,1.09379340983679,3,Regular Customers
16205,0.917610260115658,0.625800285598644,1.12349899267991,3,Regular Customers
16206,0.887827694546274,0.786047879585602,1.14897239408805,0,Loyal Customers
16208,0.912001235290911,0.771164660636414,1.15980968273636,0,Loyal Customers
16209,0.863862787100884,0.672502967079056,1.14580371821905,0,Loyal Customers
16210,0.672502967079056,0.869294239284948,1.21676582023549,2,VIP Customers
16211,0.96372913748031,0.554618356622274,1.09456205341568,3,Regular Customers
16212,1.05714089911136,0.554618356622274,1.09929392165809,3,Regular Customers
16214,0.979563883308144,0.423035857164402,1.11999281638405,3,Regular Customers
16218,0.786047879585602,0.753653330845511,1.13322573660308,0,Loyal Customers
16219,1.02185118922711,0.423035857164402,0.937871130563707,1,At Risk Customers
16221,0.625800285598644,0.753653330845511,1.13236230708664,2,VIP Customers
16222,1.074557313026,0.423035857164402,1.09056976291977,1,At Risk Customers
16223,0.798927899057388,0.554618356622274,1.12442910058384,3,Regular Customers
16224,0.887827694546274,0.423035857164402,1.06928067401293,1,At Risk Customers
16225,0.932077249682868,0.798927899057388,1.14331793571858,0,Loyal Customers
16226,0.837466628755802,0.554618356622274,1.0821383768542,3,Regular Customers
16227,1.01911430491452,0.554618356622274,1.10668286720111,3,Regular Customers
16228,0.87912862186124,0.625800285598644,1.11596819756265,3,Regular Customers
16229,0.85802782528634,0.672502967079056,1.14526812001402,0,Loyal Customers
16231,0.84490704589724,0.672502967079056,1.12395597444021,0,Loyal Customers
16232,0.96241498725723,0.625800285598644,1.14243401867799,3,Regular Customers
16233,0.554618356622274,0.753653330845511,1.13529268216755,2,VIP Customers
16234,1.0098756237601,0.625800285598644,1.07111732676278,3,Regular Customers
16235,0.810237201722229,0.672502967079056,1.12795508972908,0,Loyal Customers
16237,0.981506595544463,0.423035857164402,1.02213881241782,1,At Risk Customers
16238,0.965014756302866,0.423035857164402,0.971803720166066,1,At Risk Customers
16239,0.863862787100884,0.672502967079056,1.12408938427006,0,Loyal Customers
16241,0.706395054279679,0.672502967079056,1.14150319998312,2,VIP Customers
16242,0.85802782528634,0.753653330845511,1.17080013103727,0,Loyal Customers
16244,0.771164660636414,0.423035857164402,1.12327384197249,3,Regular Customers
16246,0.999300056856555,0.554618356622274,1.11277784649253,3,Regular Customers
16250,0.786047879585602,0.554618356622274,1.0803590213507,3,Regular Customers
16251,1.02690751855022,0.423035857164402,1.01831545059464,1,At Risk Customers
16252,0.863862787100884,0.423035857164402,1.06495658312999,1,At Risk Customers
16253,0.96241498725723,0.706395054279679,1.16865143435117,0,Loyal Customers
16254,0.837466628755802,0.625800285598644,1.11964956499284,3,Regular Customers
16255,0.423035857164402,0.771164660636414,1.15286508590283,2,VIP Customers
16256,1.01864315500103,0.554618356622274,1.11554970777043,3,Regular Customers
16258,0.887827694546274,0.798927899057388,1.18906067891404,0,Loyal Customers
16259,0.947405270060277,0.625800285598644,1.07226937717406,3,Regular Customers
16261,0.883605064784244,0.554618356622274,1.06790327144576,3,Regular Customers
16262,0.837466628755802,0.423035857164402,1.10917534266505,3,Regular Customers
16263,0.966272952906034,0.423035857164402,1.0733135113466,1,At Risk Customers
16264,0.982453320777553,0.554618356622274,1.11289063792457,3,Regular Customers
16265,0.883605064784244,0.625800285598644,1.13686299261207,3,Regular Customers
16266,0.966272952906034,0.753653330845511,1.11645589354531,0,Loyal Customers
16267,1.05112674073876,0.423035857164402,1.04031894611417,1,At Risk Customers
16269,0.981506595544463,0.423035857164402,1.10696136105511,1,At Risk Customers
16271,0.997903547828628,0.706395054279679,1.14788749317643,0,Loyal Customers
16273,1.06298203587431,0.554618356622274,1.06882225928246,3,Regular Customers
16274,0.786047879585602,0.423035857164402,1.07382312040433,1,At Risk Customers
16275,1.00873744999341,0.554618356622274,1.13943426869145,3,Regular Customers
16276,1.01153692455007,0.554618356622274,1.14448639621711,3,Regular Customers
16277,1.07618822364698,0.423035857164402,1.04092801097759,1,At Risk Customers
16278,1.01207891477636,0.554618356622274,1.09522068190112,3,Regular Customers
16279,0.87912862186124,0.732568747710418,1.17388085441332,0,Loyal Customers
16280,1.07510811504627,0.423035857164402,1.05368706507407,1,At Risk Customers
16281,0.966272952906034,0.554618356622274,1.13341800443303,3,Regular Customers
16282,1.01571919790023,0.554618356622274,1.1263274248724,3,Regular Customers
16283,0.959696320446474,0.625800285598644,1.15985163193034,3,Regular Customers
16284,0.909014982122063,0.423035857164402,1.04576585813558,1,At Risk Customers
16285,1.06261611138933,0.423035857164402,1.03727430114599,1,At Risk Customers
16286,1.0104353962562,0.554618356622274,1.07047577118929,3,Regular Customers
16287,0.820286244339271,0.672502967079056,1.11494664534143,0,Loyal Customers
16288,1.006382923783,0.423035857164402,1.01904391536582,1,At Risk Customers
16289,1.00132824164135,0.423035857164402,1.02198857218697,1,At Risk Customers
16290,1.00263834077406,0.672502967079056,1.14722406880037,3,Regular Customers
16291,1.0687681874899,0.423035857164402,1.01299786949889,1,At Risk Customers
16292,0.851732346927839,0.672502967079056,1.11896122851549,0,Loyal Customers
16293,0.625800285598644,0.732568747710418,1.15477676487335,2,VIP Customers
16294,1.0098756237601,0.423035857164402,1.01722682288252,1,At Risk Customers
16296,1.05877648740131,0.672502967079056,1.13200066426817,3,Regular Customers
16298,0.920250163124061,0.672502967079056,1.08953032245763,3,Regular Customers
16299,1.0104353962562,0.423035857164402,1.04238340059529,1,At Risk Customers
16300,0.974393832083351,0.625800285598644,1.1335717206493,3,Regular Customers
16301,1.07658609632343,0.423035857164402,1.00717774846827,1,At Risk Customers
16303,0.905894483417168,0.672502967079056,1.15705267393059,0,Loyal Customers
16304,1.07063593773727,0.423035857164402,1.07784175093996,1,At Risk Customers
16306,0.625800285598644,0.554618356622274,1.09596583014972,2,VIP Customers
16307,0.97330117724734,0.625800285598644,1.12824136545723,3,Regular Customers
16308,0.940202458817879,0.625800285598644,1.15694683816468,3,Regular Customers
16310,0.953859785790446,0.554618356622274,1.08681363401071,3,Regular Customers
16312,0.976518532381328,0.423035857164402,1.03538362443175,1,At Risk Customers
16314,0.895607189939859,0.625800285598644,1.13694666631114,3,Regular Customers
16315,1.03566792986984,0.423035857164402,1.03709346312218,1,At Risk Customers
16316,0.851732346927839,0.706395054279679,1.16018429655991,0,Loyal Customers
16317,1.04011919575166,0.554618356622274,1.11427569712567,3,Regular Customers
16320,0.994995986631273,0.672502967079056,1.17683945142344,0,Loyal Customers
16321,1.05877648740131,0.554618356622274,1.0520471991933,1,At Risk Customers
16323,1.04765843181748,0.423035857164402,1.02616531864693,1,At Risk Customers
16325,0.967504775196054,0.786047879585602,1.16255356169717,0,Loyal Customers
16326,0.869294239284948,0.798927899057388,1.14154442144341,0,Loyal Customers
16327,0.706395054279679,0.810237201722229,1.18967941002407,2,VIP Customers
16328,1.04390352365141,0.423035857164402,1.06761155029132,1,At Risk Customers
16329,0.97105164486998,0.672502967079056,1.14115697329692,3,Regular Customers
16330,0.967504775196054,0.672502967079056,1.07677966192365,3,Regular Customers
16331,0.976518532381328,0.732568747710418,1.148700952347,0,Loyal Customers
16332,0.975466054775925,0.672502967079056,1.08215680683646,3,Regular Customers
16334,1.01816751885054,0.423035857164402,1.05912230390805,1,At Risk Customers
16335,1.0404215144188,0.753653330845511,1.15952169417859,0,Loyal Customers
16336,0.96241498725723,0.672502967079056,1.16797788163616,0,Loyal Customers
16340,0.98338429212101,0.554618356622274,1.11941298392862,3,Regular Customers
16341,0.981506595544463,0.625800285598644,1.14570008079091,3,Regular Customers
16343,0.942081923268111,0.423035857164402,1.06326170025318,1,At Risk Customers
16344,1.0256915346265,0.625800285598644,1.10837590800916,3,Regular Customers
16345,1.01367112827448,0.423035857164402,1.10002821426423,1,At Risk Customers
16346,0.87912862186124,0.423035857164402,1.05052904184807,1,At Risk Customers
16347,0.891821261528334,0.786047879585602,1.15743571032492,0,Loyal Customers
16348,0.974393832083351,0.423035857164402,1.07044825278387,1,At Risk Customers
16350,0.798927899057388,0.706395054279679,1.12626157530959,0,Loyal Customers
16351,0.949083336953801,0.820286244339271,1.16448776788505,0,Loyal Customers
16353,0.706395054279679,0.851732346927839,1.16604641871896,2,VIP Customers
16354,0.84490704589724,0.625800285598644,1.107329263864,3,Regular Customers
16355,0.810237201722229,0.423035857164402,1.08205764684634,1,At Risk Customers
16356,0.820286244339271,0.625800285598644,1.04530731715908,3,Regular Customers
16357,0.85802782528634,0.423035857164402,1.04674561170146,1,At Risk Customers
16358,0.912001235290911,0.423035857164402,1.11627243051459,3,Regular Customers
16359,0.820286244339271,0.753653330845511,1.11875644524496,0,Loyal Customers
16362,0.981506595544463,0.423035857164402,1.04744422676112,1,At Risk Customers
16365,0.625800285598644,0.753653330845511,1.14339864267695,2,VIP Customers
16366,1.04892787079614,0.625800285598644,1.12909758080436,3,Regular Customers
16367,0.869294239284948,0.423035857164402,1.09508386961566,1,At Risk Customers
16368,0.979563883308144,0.423035857164402,1.02424621988221,1,At Risk Customers
16369,0.980543622089699,0.672502967079056,1.12531792934181,3,Regular Customers
16371,0.991125924427997,0.423035857164402,1.03045712696413,1,At Risk Customers
16372,0.945680643631524,0.625800285598644,1.11821477557397,3,Regular Customers
16373,0.863862787100884,0.554618356622274,1.06739184926862,3,Regular Customers
16374,0.932077249682868,0.625800285598644,1.13024774807647,3,Regular Customers
16375,1.006382923783,0.554618356622274,1.00516433091626,1,At Risk Customers
16377,1.05693210585141,0.423035857164402,1.10138727812436,1,At Risk Customers
16381,0.914863320248503,0.554618356622274,1.05584088737479,3,Regular Customers
16382,0.943907056186028,0.554618356622274,1.07401315423985,3,Regular Customers
16383,0.917610260115658,0.706395054279679,1.15236428820379,0,Loyal Customers
16384,0.97330117724734,0.554618356622274,1.11026271745086,3,Regular Customers
16385,0.554618356622274,0.625800285598644,1.08818534787343,2,VIP Customers
16386,0.887827694546274,0.423035857164402,1.10976753097789,3,Regular Customers
16387,0.914863320248503,0.672502967079056,1.11101276512521,3,Regular Customers
16388,1.06388350083781,0.423035857164402,1.04013435837636,1,At Risk Customers
16390,1.03566792986984,0.625800285598644,1.08756734175935,3,Regular Customers
16391,0.927597350695399,0.672502967079056,1.12310470252958,3,Regular Customers
16392,0.952308580694242,0.554618356622274,1.09415922316285,3,Regular Customers
16393,0.706395054279679,0.810237201722229,1.15525886699529,2,VIP Customers
16395,0.909014982122063,0.786047879585602,1.14867658764538,0,Loyal Customers
16396,1.0098756237601,0.423035857164402,1.02264361633893,1,At Risk Customers
16397,1.05917602961924,0.423035857164402,1.01578438709674,1,At Risk Customers
16399,0.895607189939859,0.423035857164402,1.04996736404667,1,At Risk Customers
16400,0.914863320248503,0.771164660636414,1.15955231106307,0,Loyal Customers
16401,0.84490704589724,0.810237201722229,1.15948734135795,0,Loyal Customers
16402,0.706395054279679,0.423035857164402,1.04572558293971,1,At Risk Customers
16406,0.992707283229087,0.554618356622274,1.07685053999329,3,Regular Customers
16407,0.895607189939859,0.672502967079056,1.10473471076659,3,Regular Customers
16408,1.05112674073876,0.423035857164402,1.05228717264674,1,At Risk Customers
16409,0.851732346927839,0.753653330845511,1.16903931139524,0,Loyal Customers
16410,1.07632127449137,0.423035857164402,1.01926413806621,1,At Risk Customers
16411,0.706395054279679,0.625800285598644,1.10416778357812,2,VIP Customers
16412,0.909014982122063,0.672502967079056,1.08651720065118,3,Regular Customers
16413,0.810237201722229,0.423035857164402,1.05833882196357,1,At Risk Customers
16414,0.975466054775925,0.625800285598644,1.08303959530215,3,Regular Customers
16415,1.04917754625981,0.554618356622274,1.09038186710745,3,Regular Customers
16416,0.899204137093441,0.732568747710418,1.14624147155566,0,Loyal Customers
16417,1.01816751885054,0.423035857164402,0.926898178969531,1,At Risk Customers
16418,0.943907056186028,0.554618356622274,1.07983564580437,3,Regular Customers
16419,1.04765843181748,0.554618356622274,1.09117038774801,3,Regular Customers
16420,0.917610260115658,0.423035857164402,0.98338429212101,1,At Risk Customers
16421,0.820286244339271,0.625800285598644,1.09307754263637,3,Regular Customers
16422,0.706395054279679,0.966272952906034,1.23031383742309,2,VIP Customers
16424,0.863862787100884,0.423035857164402,1.06739349303775,1,At Risk Customers
16428,0.952308580694242,0.625800285598644,1.10182224934873,3,Regular Customers
16430,0.85802782528634,0.732568747710418,1.11255642237268,0,Loyal Customers
16433,0.943907056186028,0.423035857164402,1.04425435419853,1,At Risk Customers
16434,0.989497282824003,0.706395054279679,1.12711802270724,3,Regular Customers
16435,1.02690751855022,0.625800285598644,1.12114239139265,3,Regular Customers
16436,1.06647970550921,0.625800285598644,1.06894921531205,3,Regular Customers
16437,0.85802782528634,0.554618356622274,1.06601536549275,3,Regular Customers
16439,1.07469570046116,0.423035857164402,1.0675902856539,1,At Risk Customers
16440,1.01864315500103,0.423035857164402,1.04850023662596,1,At Risk Customers
16441,0.958289233840266,0.625800285598644,1.1017832295292,3,Regular Customers
16442,1.0541240344065,0.554618356622274,1.06274087364697,1,At Risk Customers
16443,1.03000866428659,0.423035857164402,1.03229622606694,1,At Risk Customers
16444,0.899204137093441,0.829304666300179,1.1621809569733,0,Loyal Customers
16445,0.883605064784244,0.625800285598644,1.07394990599298,3,Regular Customers
16447,1.05088765459954,0.554618356622274,1.08793690713798,3,Regular Customers
16448,1.00698166971579,0.423035857164402,1.03766907431569,1,At Risk Customers
16450,1.04942585093474,0.554618356622274,1.12820420366046,3,Regular Customers
16451,1.04334110028754,0.554618356622274,1.10865881654565,3,Regular Customers
16452,1.05957195563526,0.554618356622274,1.07096502916578,3,Regular Customers
16453,1.03362361622041,0.554618356622274,1.05666129336582,1,At Risk Customers
16454,1.05456779374899,0.554618356622274,0.892015323888334,1,At Risk Customers
16455,0.753653330845511,0.732568747710418,1.15660764710449,0,Loyal Customers
16456,0.786047879585602,0.786047879585602,1.17712015191177,0,Loyal Customers
16458,0.810237201722229,0.820286244339271,1.15163625889269,0,Loyal Customers
16459,1.07565169388558,0.423035857164402,0.980339285367059,1,At Risk Customers
16461,1.05088765459954,0.554618356622274,1.13457497461621,3,Regular Customers
16465,0.96241498725723,0.554618356622274,1.10866229572433,3,Regular Customers
16466,0.869294239284948,0.771164660636414,1.15102144352656,0,Loyal Customers
16467,1.02527937775687,0.753653330845511,1.16096315211724,0,Loyal Customers
16468,1.006382923783,0.554618356622274,1.10665961583351,3,Regular Customers
16469,1.02770161610933,0.423035857164402,1.03778080460605,1,At Risk Customers
16470,0.917610260115658,0.753653330845511,1.14113783347577,0,Loyal Customers
16471,0.909014982122063,0.625800285598644,1.11958917430438,3,Regular Customers
16472,0.978566837930225,0.554618356622274,1.11109425856992,3,Regular Customers
16473,0.798927899057388,0.423035857164402,1.02952565584001,1,At Risk Customers
16476,0.975466054775925,0.423035857164402,1.07362512778172,1,At Risk Customers
16477,0.753653330845511,0.706395054279679,1.14462534093397,0,Loyal Customers
16481,1.0687681874899,0.423035857164402,1.08612058262741,1,At Risk Customers
16485,0.976518532381328,0.672502967079056,1.14657209544733,0,Loyal Customers
16486,1.03600023257742,0.423035857164402,1.02111797235298,1,At Risk Customers
16487,1.04765843181748,0.554618356622274,1.04672196380442,1,At Risk Customers
16489,0.851732346927839,0.554618356622274,1.0664292948747,3,Regular Customers
16490,0.980543622089699,0.423035857164402,1.04566106878215,1,At Risk Customers
16491,0.952308580694242,0.423035857164402,1.11174294444314,3,Regular Customers
16492,1.03698332858472,0.423035857164402,1.07833801865508,1,At Risk Customers
16493,0.987818703754018,0.625800285598644,1.11059485209914,3,Regular Customers
16496,0.975466054775925,0.625800285598644,1.10778272869482,3,Regular Customers
16497,0.952308580694242,0.85802782528634,1.16995375976693,0,Loyal Customers
16499,0.798927899057388,0.732568747710418,1.15171412179537,0,Loyal Customers
16500,0.798927899057388,0.625800285598644,1.08502790075659,3,Regular Customers
16501,0.869294239284948,0.423035857164402,1.12811767215508,3,Regular Customers
16502,1.05755553880215,0.554618356622274,1.05807859700794,1,At Risk Customers
16503,0.914863320248503,0.753653330845511,1.15121004816241,0,Loyal Customers
16507,1.04635252010759,0.423035857164402,1.02474251270087,1,At Risk Customers
16508,1.05957195563526,0.423035857164402,1.05433537248848,1,At Risk Customers
16510,0.771164660636414,0.732568747710418,1.14362584378483,0,Loyal Customers
16511,0.920250163124061,0.625800285598644,1.11384050642694,3,Regular Customers
16515,0.84490704589724,0.706395054279679,1.13855077491252,0,Loyal Customers
16518,0.96372913748031,0.554618356622274,1.08831984845467,3,Regular Customers
16519,0.423035857164402,0.625800285598644,1.07028122837759,2,VIP Customers
16520,0.423035857164402,0.672502967079056,1.13525296785277,2,VIP Customers
16521,0.955372512799918,0.625800285598644,1.12635676899715,3,Regular Customers
16522,0.979563883308144,0.554618356622274,1.08397509712169,3,Regular Customers
16523,0.955372512799918,0.753653330845511,1.15607231820559,0,Loyal Customers
16524,0.989497282824003,0.554618356622274,1.06684590982344,3,Regular Customers
16525,0.554618356622274,0.887827694546274,1.20516232745595,2,VIP Customers
16526,1.04942585093474,0.423035857164402,1.08325198530233,1,At Risk Customers
16527,0.967504775196054,0.423035857164402,1.1212165694937,3,Regular Customers
16529,1.0104353962562,0.625800285598644,1.13796956885068,3,Regular Customers
16530,1.06647970550921,0.423035857164402,0.951278807403975,1,At Risk Customers
16531,0.85802782528634,0.672502967079056,1.12316207697722,0,Loyal Customers
16532,0.975466054775925,0.554618356622274,1.14815765035602,3,Regular Customers
16534,1.06187484379026,0.423035857164402,1.10164144404769,1,At Risk Customers
16535,0.87912862186124,0.554618356622274,1.07740804051087,3,Regular Customers
16537,1.06168752805318,0.423035857164402,0.88925033810514,1,At Risk Customers
16538,1.03730652062128,0.625800285598644,1.07952352616256,3,Regular Customers
16539,0.786047879585602,0.753653330845511,1.15378256369695,0,Loyal Customers
16540,0.953859785790446,0.423035857164402,1.0457524370101,1,At Risk Customers
16541,1.07645389786816,0.423035857164402,1.08293467394742,1,At Risk Customers
16542,0.92987564040383,0.423035857164402,1.02259992477668,1,At Risk Customers
16543,1.05112674073876,0.423035857164402,1.06445245325324,1,At Risk Customers
16544,1.0296317282857,0.672502967079056,1.07720181214732,3,Regular Customers
16545,0.810237201722229,0.423035857164402,1.07364922000829,1,At Risk Customers
16546,0.771164660636414,0.672502967079056,1.17842332050928,0,Loyal Customers
16547,1.03888993689051,0.423035857164402,1.00532437038652,1,At Risk Customers
16548,1.05299489116356,0.423035857164402,0.912438232074234,1,At Risk Customers
16549,0.920250163124061,0.891821261528334,1.19701248424346,0,Loyal Customers
16550,0.672502967079056,0.837466628755802,1.19053999158319,2,VIP Customers
16551,0.966272952906034,0.672502967079056,1.13204050558454,3,Regular Customers
16552,0.786047879585602,0.423035857164402,0.999499539825712,1,At Risk Customers
16553,0.917610260115658,0.87912862186124,1.20342117647912,0,Loyal Customers
16554,0.883605064784244,0.706395054279679,1.14809850686404,0,Loyal Customers
16555,1.02402166385738,0.672502967079056,1.14034684062243,3,Regular Customers
16556,0.810237201722229,0.798927899057388,1.17759985110245,0,Loyal Customers
16558,0.554618356622274,0.869294239284948,1.18287486274965,2,VIP Customers
16559,0.920250163124061,0.423035857164402,1.03665790244122,1,At Risk Customers
16560,0.920250163124061,0.732568747710418,1.15161684539824,0,Loyal Customers
16562,1.0098756237601,0.423035857164402,1.0503717005611,1,At Risk Customers
16563,0.927597350695399,0.706395054279679,1.16616009695843,0,Loyal Customers
16564,1.04555064623526,0.423035857164402,0.9940921122092,1,At Risk Customers
16565,0.940202458817879,0.625800285598644,1.09899349536718,3,Regular Customers
16568,0.97105164486998,0.554618356622274,1.12186638957493,3,Regular Customers
16569,1.0597685814372,0.672502967079056,1.1325170509141,3,Regular Customers
16570,0.84490704589724,0.798927899057388,1.16964840593245,0,Loyal Customers
16571,0.914863320248503,0.753653330845511,1.16044608783399,0,Loyal Customers
16574,0.966272952906034,0.554618356622274,1.11424983230772,3,Regular Customers
16576,0.96241498725723,0.554618356622274,1.09433407097841,3,Regular Customers
16577,1.06614250502265,0.423035857164402,1.07762868515687,1,At Risk Customers
16578,1.05877648740131,0.423035857164402,1.03023341803686,1,At Risk Customers
16579,0.968711214153241,0.423035857164402,1.06494962171488,1,At Risk Customers
16583,0.786047879585602,0.554618356622274,1.06545141766388,3,Regular Customers
16584,0.976518532381328,0.625800285598644,1.15183202813547,3,Regular Customers
16585,1.05160112921781,0.554618356622274,1.07236445385275,3,Regular Customers
16586,0.987818703754018,0.554618356622274,1.12096801314779,3,Regular Customers
16588,0.883605064784244,0.672502967079056,1.13339845297101,0,Loyal Customers
16589,0.992707283229087,0.423035857164402,1.02891501386213,1,At Risk Customers
16590,0.927597350695399,0.554618356622274,1.09948178942239,3,Regular Customers
16592,0.810237201722229,0.820286244339271,1.16963309138934,0,Loyal Customers
16593,0.899204137093441,0.706395054279679,1.10836363455956,0,Loyal Customers
16595,0.820286244339271,0.672502967079056,1.1344268960655,0,Loyal Customers
16596,0.554618356622274,0.625800285598644,1.07055669332493,2,VIP Customers
16599,0.87912862186124,0.423035857164402,1.03593395874028,1,At Risk Customers
16600,0.798927899057388,0.753653330845511,1.13277759483256,0,Loyal Customers
16601,0.899204137093441,0.554618356622274,1.0840784441579,3,Regular Customers
16602,0.891821261528334,0.423035857164402,1.05305203247276,1,At Risk Customers
16604,1.04362317034645,0.554618356622274,1.08387479471348,3,Regular Customers
16605,1.07497109865237,0.423035857164402,0.968086974787808,1,At Risk Customers
16606,0.936268254134964,0.554618356622274,1.07464870046956,3,Regular Customers
16607,0.925237402907562,0.810237201722229,1.15402677862888,0,Loyal Customers
16608,0.994995986631273,0.554618356622274,1.13118004510357,3,Regular Customers
16611,0.93420673023127,0.706395054279679,1.14094490170178,0,Loyal Customers
16612,0.84490704589724,0.706395054279679,1.14906099591216,0,Loyal Customers
16614,0.932077249682868,0.554618356622274,1.10419133245968,3,Regular Customers
16615,1.05877648740131,0.423035857164402,1.06432725685699,1,At Risk Customers
16619,0.869294239284948,0.625800285598644,1.14221487065055,0,Loyal Customers
16620,0.895607189939859,0.672502967079056,1.13916264076377,0,Loyal Customers
16622,1.03794631447655,0.423035857164402,1.05074359033389,1,At Risk Customers
16623,0.92987564040383,0.625800285598644,1.11597199270052,3,Regular Customers
16625,0.965014756302866,0.672502967079056,1.1322181721711,3,Regular Customers
16628,0.942081923268111,0.554618356622274,1.01913774604061,1,At Risk Customers
16630,0.942081923268111,0.423035857164402,1.00686247210188,1,At Risk Customers
16631,1.01261520652632,0.753653330845511,1.14596837690512,0,Loyal Customers
16632,1.01470552770037,0.554618356622274,1.0808923906922,3,Regular Customers
16634,0.771164660636414,0.706395054279679,1.13956530471929,0,Loyal Customers
16635,0.940202458817879,0.423035857164402,1.08811693364201,1,At Risk Customers
16636,0.982453320777553,0.672502967079056,1.17060007714732,0,Loyal Customers
16638,0.672502967079056,0.732568747710418,1.10886871828503,2,VIP Customers
16639,0.945680643631524,0.423035857164402,1.0898136858212,1,At Risk Customers
16640,0.920250163124061,0.423035857164402,1.03807323375387,1,At Risk Customers
16641,1.07168839996646,0.423035857164402,1.06961891350205,1,At Risk Customers
16642,0.955372512799918,0.423035857164402,1.07878583663155,1,At Risk Customers
16643,0.965014756302866,0.423035857164402,1.08422093444769,1,At Risk Customers
16645,1.07645389786816,0.423035857164402,1.03162932885415,1,At Risk Customers
16646,0.991922356299061,0.423035857164402,1.10452984197865,1,At Risk Customers
16647,0.986087311088335,0.554618356622274,1.07030578722794,3,Regular Customers
16648,0.996469488897356,0.554618356622274,1.07790315487571,3,Regular Customers
16649,1.03000866428659,0.423035857164402,1.06691079569206,1,At Risk Customers
16650,0.96241498725723,0.732568747710418,1.13442968552039,0,Loyal Customers
16651,1.0499184031564,0.423035857164402,1.02193986708994,1,At Risk Customers
16652,0.936268254134964,0.786047879585602,1.20318453178813,0,Loyal Customers
16654,0.672502967079056,0.706395054279679,1.12528331906839,2,VIP Customers
16655,0.949083336953801,0.753653330845511,1.15795352012089,0,Loyal Customers
16656,0.96241498725723,0.84490704589724,1.19509609007052,0,Loyal Customers
16658,0.672502967079056,0.732568747710418,1.10530142628989,2,VIP Customers
16660,0.965014756302866,0.625800285598644,1.09992365562174,3,Regular Customers
16661,1.03698332858472,0.672502967079056,1.11813359173398,3,Regular Customers
16662,0.912001235290911,0.423035857164402,1.02811337409383,1,At Risk Customers
16663,1.07565169388558,0.423035857164402,1.03327417821402,1,At Risk Customers
16664,1.04555064623526,0.423035857164402,1.00827504456657,1,At Risk Customers
16666,1.05776140227984,0.423035857164402,1.00181021276625,1,At Risk Customers
16668,0.887827694546274,0.753653330845511,1.0955700434842,0,Loyal Customers
16670,0.909014982122063,0.786047879585602,1.1717440542454,0,Loyal Customers
16673,1.06828806917001,0.423035857164402,1.03537691427543,1,At Risk Customers
16675,0.985200844275134,0.554618356622274,1.09970041773569,3,Regular Customers
16676,0.932077249682868,0.554618356622274,1.1100025432766,3,Regular Customers
16677,0.949083336953801,0.554618356622274,1.11572590451326,3,Regular Customers
16679,0.554618356622274,0.625800285598644,1.10351232862648,2,VIP Customers
16680,1.03292215867518,0.554618356622274,1.10177067888349,3,Regular Customers
16681,1.06168752805318,0.423035857164402,1.02828877652448,1,At Risk Customers
16683,1.03465678484363,0.423035857164402,1.06912473843381,1,At Risk Customers
16684,0.84490704589724,0.902628441245975,1.25540665048745,0,Loyal Customers
16686,0.895607189939859,0.786047879585602,1.14652675357487,0,Loyal Customers
16687,0.899204137093441,0.423035857164402,1.0306168139583,1,At Risk Customers
16690,0.909014982122063,0.554618356622274,1.01790397808162,1,At Risk Customers
16691,0.959696320446474,0.554618356622274,1.03789226966105,1,At Risk Customers
16692,0.943907056186028,0.554618356622274,1.1018368713998,3,Regular Customers
16693,0.949083336953801,0.625800285598644,1.1059801683406,3,Regular Customers
16694,1.07483362805941,0.423035857164402,1.00152684546918,1,At Risk Customers
16695,1.04334110028754,0.554618356622274,1.04187510739161,1,At Risk Customers
16699,0.851732346927839,0.753653330845511,1.12079318360403,0,Loyal Customers
16700,0.554618356622274,0.829304666300179,1.17304614279238,2,VIP Customers
16701,0.966272952906034,0.829304666300179,1.17632161804119,0,Loyal Customers
16702,0.955372512799918,0.672502967079056,1.12530627499349,3,Regular Customers
16704,1.05714089911136,0.554618356622274,1.10356888518895,3,Regular Customers
16705,0.927597350695399,0.883605064784244,1.23082421451776,0,Loyal Customers
16707,0.927597350695399,0.672502967079056,1.09369711167028,3,Regular Customers
16709,0.84490704589724,0.786047879585602,1.18556676108767,0,Loyal Customers
16710,0.672502967079056,0.829304666300179,1.1707912783636,2,VIP Customers
16711,0.84490704589724,0.672502967079056,1.12898709021456,0,Loyal Customers
16712,0.92987564040383,0.554618356622274,1.10062444630462,3,Regular Customers
16713,0.554618356622274,0.863862787100884,1.19283765639902,2,VIP Customers
16714,1.06681426294491,0.423035857164402,1.07609082513119,1,At Risk Customers
16715,1.04362317034645,0.423035857164402,1.06968125433717,1,At Risk Customers
16716,1.05957195563526,0.423035857164402,1.12998830604587,3,Regular Customers
16717,0.554618356622274,0.786047879585602,1.16395993415027,2,VIP Customers
16718,0.706395054279679,0.706395054279679,1.16258612807608,2,VIP Customers
16719,0.672502967079056,0.771164660636414,1.15107171423782,2,VIP Customers
16720,0.820286244339271,0.554618356622274,1.09947364048835,3,Regular Customers
16722,0.554618356622274,0.810237201722229,1.17437168921838,2,VIP Customers
16723,0.986959798185287,0.554618356622274,1.10295217189627,3,Regular Customers
16724,0.936268254134964,0.423035857164402,1.02664661868437,1,At Risk Customers
16725,0.753653330845511,0.771164660636414,1.12310004642614,0,Loyal Customers
16726,0.869294239284948,0.554618356622274,1.10619894473395,3,Regular Customers
16727,0.905894483417168,0.625800285598644,1.12569098049674,3,Regular Customers
16731,1.06298203587431,0.423035857164402,1.03509760064686,1,At Risk Customers
16732,0.93420673023127,0.625800285598644,1.17043949133133,0,Loyal Customers
16733,1.03327417821402,0.423035857164402,1.05830840655487,1,At Risk Customers
16735,0.909014982122063,0.786047879585602,1.17204586704043,0,Loyal Customers
16736,1.02402166385738,0.706395054279679,1.16200910369859,0,Loyal Customers
16737,1.04765843181748,0.423035857164402,1.08220169477958,1,At Risk Customers
16739,1.03566792986984,0.423035857164402,1.08715568972235,1,At Risk Customers
16740,0.914863320248503,0.423035857164402,1.05110527498851,1,At Risk Customers
16741,1.05857534099645,0.423035857164402,1.03602009660814,1,At Risk Customers
16742,1.01816751885054,0.829304666300179,1.15365588232766,0,Loyal Customers
16743,0.99719132727709,0.753653330845511,1.1479953873575,0,Loyal Customers
16746,0.869294239284948,0.891821261528334,1.204735705003,0,Loyal Customers
16748,0.891821261528334,0.786047879585602,1.15017679753972,0,Loyal Customers
16749,1.05112674073876,0.554618356622274,1.17358265310739,3,Regular Customers
16752,0.771164660636414,0.423035857164402,1.04621984779342,1,At Risk Customers
16754,0.771164660636414,0.909014982122063,1.25057884833698,0,Loyal Customers
16755,1.00454417714874,0.672502967079056,1.1341934374995,3,Regular Customers
16756,0.936268254134964,0.732568747710418,1.1238991300474,0,Loyal Customers
16757,0.945680643631524,0.423035857164402,1.03279833541814,1,At Risk Customers
16760,0.974393832083351,0.423035857164402,1.05136456149821,1,At Risk Customers
16763,1.07684922854372,0.423035857164402,1.07397802819444,1,At Risk Customers
16765,0.863862787100884,0.423035857164402,1.08256243637689,1,At Risk Customers
16767,0.959696320446474,0.672502967079056,1.15583360293207,0,Loyal Customers
16768,0.869294239284948,0.732568747710418,1.1290861559832,0,Loyal Customers
16769,1.01098912355426,0.625800285598644,1.1091959224152,3,Regular Customers
16770,0.771164660636414,0.706395054279679,1.12679641353326,0,Loyal Customers
16771,0.997903547828628,0.706395054279679,1.1421015340968,0,Loyal Customers
16772,0.966272952906034,0.625800285598644,1.16966790223539,0,Loyal Customers
16773,0.980543622089699,0.554618356622274,1.0562253567409,1,At Risk Customers
16774,0.966272952906034,0.672502967079056,1.11691626292654,3,Regular Customers
16775,0.625800285598644,0.732568747710418,1.13339701491637,2,VIP Customers
16776,0.955372512799918,0.423035857164402,1.04966540986112,1,At Risk Customers
16777,0.952308580694242,0.625800285598644,1.12376955861212,3,Regular Customers
16779,0.554618356622274,0.917610260115658,1.22378998399922,2,VIP Customers
16780,0.942081923268111,0.423035857164402,1.03638279699712,1,At Risk Customers
16781,0.771164660636414,0.554618356622274,1.1007278131437,3,Regular Customers
16782,0.423035857164402,0.899204137093441,1.19328716231906,2,VIP Customers
16783,0.980543622089699,0.423035857164402,1.07913836449364,1,At Risk Customers
16784,0.820286244339271,0.672502967079056,1.1108290117516,0,Loyal Customers
16785,0.945680643631524,0.423035857164402,1.09372895085224,1,At Risk Customers
16786,0.909014982122063,0.423035857164402,0.956614715947473,1,At Risk Customers
16787,0.920250163124061,0.672502967079056,1.12173068428149,3,Regular Customers
16788,0.936268254134964,0.625800285598644,1.13262050868899,3,Regular Customers
16791,0.869294239284948,0.771164660636414,1.15234692620497,0,Loyal Customers
16792,0.869294239284948,0.625800285598644,1.09190643095769,3,Regular Customers
16794,0.851732346927839,0.706395054279679,1.11454024349608,0,Loyal Customers
16795,0.423035857164402,0.625800285598644,1.14914365903655,2,VIP Customers
16797,0.909014982122063,0.706395054279679,1.14413962861669,0,Loyal Customers
16798,1.04131685818134,0.625800285598644,1.11379014758497,3,Regular Customers
16799,0.976518532381328,0.554618356622274,1.08605792676386,3,Regular Customers
16802,1.06828806917001,0.554618356622274,1.09771642872249,3,Regular Customers
16805,1.04765843181748,0.625800285598644,1.10127933900574,3,Regular Customers
16807,1.006382923783,0.625800285598644,1.12111037698668,3,Regular Customers
16809,0.976518532381328,0.672502967079056,1.11232892095273,3,Regular Customers
16810,0.96241498725723,0.423035857164402,1.09361869339152,1,At Risk Customers
16812,0.837466628755802,0.625800285598644,1.14636143904002,0,Loyal Customers
16814,0.706395054279679,0.851732346927839,1.18425797756401,2,VIP Customers
16815,0.994995986631273,0.554618356622274,1.08084721831327,3,Regular Customers
16817,0.672502967079056,0.706395054279679,1.12841592268127,2,VIP Customers
16819,1.0032813507728,0.554618356622274,1.03907329899357,1,At Risk Customers
16821,0.85802782528634,0.423035857164402,1.01062988229339,1,At Risk Customers
16822,1.06939999314839,0.423035857164402,1.03869960048404,1,At Risk Customers
16823,0.887827694546274,0.732568747710418,1.14581457690697,0,Loyal Customers
16824,0.909014982122063,0.423035857164402,1.05079166303962,1,At Risk Customers
16825,0.837466628755802,0.625800285598644,1.12308335697196,3,Regular Customers
16827,0.909014982122063,0.706395054279679,1.07916068431194,3,Regular Customers
16829,0.891821261528334,0.423035857164402,1.068464744571,1,At Risk Customers
16830,0.986087311088335,0.625800285598644,1.11577220432853,3,Regular Customers
16831,1.04418217941689,0.423035857164402,0.997047736608971,1,At Risk Customers
16832,0.972187368078744,0.554618356622274,1.0490428926534,1,At Risk Customers
16833,0.98338429212101,0.554618356622274,1.13166450077476,3,Regular Customers
16834,1.06747560063057,0.423035857164402,1.08933835183124,1,At Risk Customers
16835,0.786047879585602,0.706395054279679,1.13329129406931,0,Loyal Customers
16836,0.940202458817879,0.554618356622274,1.09344578788303,3,Regular Customers
16838,1.03362361622041,0.554618356622274,1.09678597405776,3,Regular Customers
16839,0.706395054279679,0.810237201722229,1.18389807120874,2,VIP Customers
16840,1.05390048335045,0.554618356622274,1.02353085970929,1,At Risk Customers
16841,0.972187368078744,0.732568747710418,1.15043085512264,0,Loyal Customers
16843,0.965014756302866,0.869294239284948,1.19908157681891,0,Loyal Customers
16844,1.04362317034645,0.554618356622274,1.10010189052635,3,Regular Customers
16845,1.05714089911136,0.423035857164402,1.05711589610555,1,At Risk Customers
16846,1.04765843181748,0.554618356622274,1.10109094449352,3,Regular Customers
16847,1.05714089911136,0.423035857164402,1.08264216580959,1,At Risk Customers
16848,0.820286244339271,0.625800285598644,1.12600477317324,3,Regular Customers
16854,0.958289233840266,0.554618356622274,1.13474258306286,3,Regular Customers
16856,0.958289233840266,0.554618356622274,1.06957053597857,3,Regular Customers
16857,0.986087311088335,0.423035857164402,1.07397099942562,1,At Risk Customers
16858,0.672502967079056,0.798927899057388,1.17463658289098,2,VIP Customers
16859,0.956848463705964,0.706395054279679,1.12789430303579,0,Loyal Customers
16860,0.994243814213533,0.625800285598644,1.13989619839102,3,Regular Customers
16861,0.899204137093441,0.625800285598644,1.11017267313634,3,Regular Customers
16862,1.03920029798607,0.672502967079056,1.10344701637862,3,Regular Customers
16863,0.554618356622274,0.554618356622274,1.09030964860126,2,VIP Customers
16864,0.978566837930225,0.554618356622274,1.08122959191178,3,Regular Customers
16865,0.92987564040383,0.423035857164402,1.01955781234721,1,At Risk Customers
16867,1.06986772639587,0.423035857164402,0.984968022182886,1,At Risk Customers
16868,0.912001235290911,0.625800285598644,1.07821134169691,3,Regular Customers
16870,1.00577719452483,0.423035857164402,1.08578317164713,1,At Risk Customers
16872,0.97105164486998,0.625800285598644,1.09367127696156,3,Regular Customers
16873,0.97330117724734,0.732568747710418,1.19233046107912,0,Loyal Customers
16874,0.84490704589724,0.423035857164402,1.04685056530336,1,At Risk Customers
16875,0.981506595544463,0.732568747710418,1.15047797724352,0,Loyal Customers
16876,0.93420673023127,0.423035857164402,1.02185562690016,1,At Risk Customers
16880,1.01864315500103,0.423035857164402,1.06936548802198,1,At Risk Customers
16883,0.753653330845511,0.863862787100884,1.1498335822198,0,Loyal Customers
16884,1.04190430352368,0.554618356622274,1.10200565906579,3,Regular Customers
16885,0.87912862186124,0.423035857164402,1.05280924956625,1,At Risk Customers
16886,0.99719132727709,0.423035857164402,1.02095555902629,1,At Risk Customers
16887,0.927597350695399,0.554618356622274,1.08739995895158,3,Regular Customers
16888,0.927597350695399,0.625800285598644,1.08406746241249,3,Regular Customers
16889,0.920250163124061,0.625800285598644,1.11880687527798,3,Regular Customers
16890,1.0098756237601,0.625800285598644,1.06323816212018,3,Regular Customers
16891,0.753653330845511,0.753653330845511,1.12850303600125,0,Loyal Customers
16892,1.04131685818134,0.554618356622274,1.05335026285247,1,At Risk Customers
16893,0.554618356622274,0.554618356622274,1.05627636754134,2,VIP Customers
16894,1.02273088350259,0.625800285598644,1.13179894380512,3,Regular Customers
16895,0.982453320777553,0.672502967079056,1.11666914238181,3,Regular Customers
16896,1.04161151113307,0.423035857164402,1.00513349768521,1,At Risk Customers
16898,0.672502967079056,0.625800285598644,1.09036030923085,2,VIP Customers
16899,0.837466628755802,0.554618356622274,1.08301141744161,3,Regular Customers
16901,1.07565169388558,0.423035857164402,1.04535067026592,1,At Risk Customers
16903,0.851732346927839,0.554618356622274,1.10451363731814,3,Regular Customers
16904,0.625800285598644,0.753653330845511,1.1333705437695,2,VIP Customers
16905,0.753653330845511,0.810237201722229,1.14657267386669,0,Loyal Customers
16906,0.972187368078744,0.625800285598644,1.11429905903369,3,Regular Customers
16907,0.423035857164402,0.706395054279679,1.10723235658551,2,VIP Customers
16908,1.07469570046116,0.423035857164402,1.05684621384789,1,At Risk Customers
16911,1.06054634130127,0.554618356622274,1.05740050634699,1,At Risk Customers
16912,0.96372913748031,0.672502967079056,1.14621126346575,0,Loyal Customers
16913,1.06352517322073,0.554618356622274,1.06755263753398,3,Regular Customers
16915,0.883605064784244,0.706395054279679,1.11762717380244,0,Loyal Customers
16916,0.771164660636414,0.625800285598644,1.0939228638347,3,Regular Customers
16917,1.05996432564944,0.423035857164402,1.13613375080137,3,Regular Customers
16918,0.965014756302866,0.798927899057388,1.15045613221627,0,Loyal Customers
16919,0.672502967079056,0.837466628755802,1.15632677159892,2,VIP Customers
16920,0.949083336953801,0.423035857164402,1.07434189705861,1,At Risk Customers
16921,0.986087311088335,0.554618356622274,1.05735492634908,1,At Risk Customers
16922,1.04635252010759,0.423035857164402,1.09986356900684,1,At Risk Customers
16923,0.810237201722229,0.829304666300179,1.18588834399152,0,Loyal Customers
16925,1.03698332858472,0.423035857164402,1.01703165871385,1,At Risk Customers
16926,0.753653330845511,0.706395054279679,1.12738387533093,0,Loyal Customers
16928,0.786047879585602,0.829304666300179,1.12838028226012,0,Loyal Customers
16931,0.706395054279679,0.625800285598644,1.10118384237055,2,VIP Customers
16932,0.966272952906034,0.554618356622274,1.0588406596896,3,Regular Customers
16933,0.895607189939859,0.753653330845511,1.15661297782953,0,Loyal Customers
16934,0.869294239284948,0.672502967079056,1.12677826433777,0,Loyal Customers
16935,0.85802782528634,0.625800285598644,1.0934769676431,3,Regular Customers
16936,0.87912862186124,0.423035857164402,1.06341528774228,1,At Risk Customers
16937,1.02140539923958,0.423035857164402,1.04312840938573,1,At Risk Customers
16938,0.85802782528634,0.706395054279679,1.17456804497942,0,Loyal Customers
16939,1.0162184958954,0.625800285598644,1.08402900266045,3,Regular Customers
16940,0.992707283229087,0.706395054279679,1.16659720338321,0,Loyal Customers
16941,1.05565816398385,0.423035857164402,0.920250163124061,1,At Risk Customers
16943,1.03665790244122,0.554618356622274,1.08907382719386,3,Regular Customers
16944,1.05522522835433,0.423035857164402,1.00351091871638,1,At Risk Customers
16945,0.909014982122063,0.837466628755802,1.17393726408455,0,Loyal Customers
16946,0.869294239284948,0.706395054279679,1.12913704873334,0,Loyal Customers
16947,1.00132824164135,0.672502967079056,1.09499405706487,3,Regular Customers
16948,0.97330117724734,0.672502967079056,1.0840180073984,3,Regular Customers
16950,0.625800285598644,0.771164660636414,1.15660091224575,2,VIP Customers
16952,0.985200844275134,0.625800285598644,1.10110017355587,3,Regular Customers
16954,0.84490704589724,0.810237201722229,1.17227009495944,0,Loyal Customers
16955,0.672502967079056,0.672502967079056,1.11115607236069,2,VIP Customers
16958,0.979563883308144,0.423035857164402,1.11048631390074,3,Regular Customers
16960,0.899204137093441,0.706395054279679,1.13675023237844,0,Loyal Customers
16961,0.891821261528334,0.554618356622274,1.09595283781251,3,Regular Customers
16962,0.945680643631524,0.423035857164402,1.05651998001196,1,At Risk Customers
16964,1.07618822364698,0.554618356622274,1.04631275887569,1,At Risk Customers
16970,1.05877648740131,0.423035857164402,0.979957824743021,1,At Risk Customers
16972,0.863862787100884,0.554618356622274,1.10882198417003,3,Regular Customers
16973,0.883605064784244,0.423035857164402,1.01768731722123,1,At Risk Customers
16974,1.03075379565817,0.554618356622274,1.07571914209882,3,Regular Customers
16975,0.966272952906034,0.625800285598644,1.1178358279388,3,Regular Customers
16977,0.914863320248503,0.672502967079056,1.09033592522048,3,Regular Customers
16978,1.06614250502265,0.554618356622274,1.08299337327673,3,Regular Customers
16979,0.869294239284948,0.625800285598644,1.12133346199315,3,Regular Customers
16980,0.972187368078744,0.423035857164402,1.07943742711206,1,At Risk Customers
16983,0.706395054279679,0.706395054279679,1.14299998256376,2,VIP Customers
16984,0.936268254134964,0.753653330845511,1.18485163744273,0,Loyal Customers
16985,0.820286244339271,0.829304666300179,1.18243424744387,0,Loyal Customers
16986,0.98866440976494,0.786047879585602,1.1626952355531,0,Loyal Customers
16987,0.820286244339271,0.672502967079056,1.11685336955093,0,Loyal Customers
16988,0.84490704589724,0.423035857164402,1.05766888297872,1,At Risk Customers
16990,0.965014756302866,0.423035857164402,1.03327417821402,1,At Risk Customers
16991,0.96372913748031,0.423035857164402,1.12267333792601,3,Regular Customers
16992,0.887827694546274,0.771164660636414,1.17112607728071,0,Loyal Customers
16993,1.0019873653802,0.554618356622274,1.14709628430125,3,Regular Customers
16996,0.863862787100884,0.625800285598644,1.10373407407937,3,Regular Customers
16998,0.987818703754018,0.423035857164402,1.00698166971579,1,At Risk Customers
17000,0.917610260115658,0.554618356622274,1.08088050809113,3,Regular Customers
17001,0.820286244339271,0.771164660636414,1.15818754681173,0,Loyal Customers
17002,0.986959798185287,0.672502967079056,1.12408259382281,3,Regular Customers
17003,0.932077249682868,0.672502967079056,1.1131316009989,3,Regular Customers
17004,0.905894483417168,0.554618356622274,1.12151579077731,3,Regular Customers
17005,1.006382923783,0.554618356622274,1.1006819070909,3,Regular Customers
17006,0.905894483417168,0.672502967079056,1.11440623069994,3,Regular Customers
17007,0.981506595544463,0.423035857164402,1.05187633908725,1,At Risk Customers
17008,0.97330117724734,0.423035857164402,0.988965703733213,1,At Risk Customers
17009,1.0404215144188,0.423035857164402,1.05458103831545,1,At Risk Customers
17011,1.06279946093275,0.554618356622274,1.08022156002189,3,Regular Customers
17012,1.07510811504627,0.423035857164402,1.07505473250153,1,At Risk Customers
17016,1.04740022867383,0.423035857164402,1.09529840759036,1,At Risk Customers
17017,0.423035857164402,0.829304666300179,1.18218361688701,2,VIP Customers
17018,0.887827694546274,0.672502967079056,1.13357973138278,0,Loyal Customers
17019,0.672502967079056,0.771164660636414,1.15887040293579,2,VIP Customers
17020,1.03762750670487,0.554618356622274,1.11826108347823,3,Regular Customers
17021,0.986087311088335,0.732568747710418,1.12781376441303,0,Loyal Customers
17022,0.976518532381328,0.423035857164402,1.04102032270484,1,At Risk Customers
17023,0.958289233840266,0.625800285598644,1.11166395541604,3,Regular Customers
17025,0.786047879585602,0.672502967079056,1.12680478687231,0,Loyal Customers
17026,0.706395054279679,0.554618356622274,0.95990456632352,1,At Risk Customers
17027,0.989497282824003,0.625800285598644,1.08394315976815,3,Regular Customers
17028,1.04867681047647,0.625800285598644,1.13949637802195,3,Regular Customers
17029,0.863862787100884,0.706395054279679,1.1350818770712,0,Loyal Customers
17031,0.837466628755802,0.672502967079056,1.15454585964803,0,Loyal Customers
17032,1.03920029798607,0.771164660636414,1.16233392416268,0,Loyal Customers
17033,0.920250163124061,0.423035857164402,1.06625238746275,1,At Risk Customers
17034,0.945680643631524,0.554618356622274,1.09348043051904,3,Regular Customers
17035,1.05112674073876,0.554618356622274,1.03828190264983,1,At Risk Customers
17036,0.869294239284948,0.423035857164402,1.03727430114599,1,At Risk Customers
17038,0.955372512799918,0.423035857164402,1.10128075196175,1,At Risk Customers
17039,1.0541240344065,0.423035857164402,1.14717282681561,3,Regular Customers
17040,1.04011919575166,0.423035857164402,0.833646471157902,1,At Risk Customers
17041,0.920250163124061,0.625800285598644,1.09780166658181,3,Regular Customers
17043,0.810237201722229,0.672502967079056,1.11465211639156,0,Loyal Customers
17044,0.798927899057388,0.810237201722229,1.20381968570697,0,Loyal Customers
17045,0.820286244339271,0.554618356622274,1.08960111549443,3,Regular Customers
17046,0.987818703754018,0.672502967079056,1.13047985415735,3,Regular Customers
17047,0.975466054775925,0.625800285598644,1.1280201475446,3,Regular Customers
17048,0.981506595544463,0.672502967079056,1.12657588501085,3,Regular Customers
17049,0.810237201722229,0.798927899057388,1.17459744923389,0,Loyal Customers
17050,0.810237201722229,0.706395054279679,1.13620234324823,0,Loyal Customers
17051,0.989497282824003,0.625800285598644,1.08737570057491,3,Regular Customers
17055,0.98866440976494,0.423035857164402,1.05250043552244,1,At Risk Customers
17056,1.07684922854372,0.423035857164402,1.01845344328172,1,At Risk Customers
17057,1.0523034349406,0.423035857164402,1.06489563241747,1,At Risk Customers
17059,0.706395054279679,0.706395054279679,1.15619596740074,2,VIP Customers
17062,0.423035857164402,0.672502967079056,1.10232862086064,2,VIP Customers
17063,0.942081923268111,0.732568747710418,1.15112625130084,0,Loyal Customers
17065,1.06093007529128,0.554618356622274,1.04268571724877,1,At Risk Customers
17066,1.07524468002232,0.423035857164402,1.05144513450066,1,At Risk Customers
17067,1.07497109865237,0.625800285598644,1.08624143908804,3,Regular Customers
17068,0.672502967079056,0.902628441245975,1.17691877625854,2,VIP Customers
17069,0.786047879585602,0.732568747710418,1.16347888737322,0,Loyal Customers
17070,0.947405270060277,0.423035857164402,1.02058361993874,1,At Risk Customers
17071,0.85802782528634,0.672502967079056,1.13349609719975,0,Loyal Customers
17072,1.05857534099645,0.423035857164402,1.06099688211402,1,At Risk Customers
17074,1.04362317034645,0.423035857164402,1.04502178998819,1,At Risk Customers
17075,0.97330117724734,0.732568747710418,1.13456386354315,0,Loyal Customers
17076,0.905894483417168,0.625800285598644,1.08032650663159,3,Regular Customers
17077,1.047915176518,0.423035857164402,1.06681426294491,1,At Risk Customers
17080,0.84490704589724,0.706395054279679,1.10394925223334,0,Loyal Customers
17081,0.914863320248503,0.672502967079056,1.10332341255673,3,Regular Customers
17082,0.912001235290911,0.672502967079056,1.15919655123651,0,Loyal Customers
17083,0.945680643631524,0.732568747710418,1.15809115422514,0,Loyal Customers
17084,0.917610260115658,0.423035857164402,1.15236894859138,3,Regular Customers
17085,0.820286244339271,0.887827694546274,1.18688857101415,0,Loyal Customers
17087,1.07671787238121,0.423035857164402,1.04980313549801,1,At Risk Customers
17089,0.883605064784244,0.423035857164402,1.01838211530991,1,At Risk Customers
17090,0.798927899057388,0.732568747710418,1.12511267941448,0,Loyal Customers
17091,0.625800285598644,0.810237201722229,1.17197388393348,2,VIP Customers
17092,0.981506595544463,0.753653330845511,1.17002393819797,0,Loyal Customers
17093,1.05136456149821,0.423035857164402,1.05319570502835,1,At Risk Customers
17094,0.966272952906034,0.423035857164402,1.0027675742564,1,At Risk Customers
17095,0.974393832083351,0.672502967079056,1.12997590237888,3,Regular Customers
17096,0.869294239284948,0.753653330845511,1.15851333268702,0,Loyal Customers
17097,0.423035857164402,0.554618356622274,1.07547038865583,2,VIP Customers
17098,0.85802782528634,0.625800285598644,1.09836715628438,3,Regular Customers
17099,1.03465678484363,0.423035857164402,1.09768228043856,1,At Risk Customers
17101,0.912001235290911,0.625800285598644,1.11594969052456,3,Regular Customers
17103,1.07469570046116,0.423035857164402,1.08296516310352,1,At Risk Customers
17104,0.966272952906034,0.423035857164402,1.08821901584747,1,At Risk Customers
17106,0.895607189939859,0.423035857164402,1.08895935983107,1,At Risk Customers
17107,0.920250163124061,0.672502967079056,1.18121711856341,0,Loyal Customers
17108,1.06563166300143,0.423035857164402,1.03664157197658,1,At Risk Customers
17109,0.940202458817879,0.554618356622274,1.08136721510599,3,Regular Customers
17110,1.03000866428659,0.554618356622274,1.07162896468272,3,Regular Customers
17111,0.968711214153241,0.423035857164402,1.05135744516837,1,At Risk Customers
17112,1.02273088350259,0.423035857164402,1.04350209174295,1,At Risk Customers
17113,1.04687938522628,0.732568747710418,1.15319942302787,0,Loyal Customers
17115,1.03950861169563,0.672502967079056,1.14658077064542,3,Regular Customers
17116,1.06298203587431,0.423035857164402,1.0788683236265,1,At Risk Customers
17121,0.932077249682868,0.423035857164402,1.06824620178278,1,At Risk Customers
17122,0.891821261528334,0.625800285598644,1.08384498647613,3,Regular Customers
17123,0.98338429212101,0.554618356622274,1.10135838343914,3,Regular Customers
17126,0.85802782528634,0.672502967079056,1.12210990663156,0,Loyal Customers
17127,0.972187368078744,0.706395054279679,1.12688005578292,0,Loyal Customers
17129,1.03000866428659,0.423035857164402,0.917205231340846,1,At Risk Customers
17132,0.994243814213533,0.554618356622274,1.12910019165755,3,Regular Customers
17133,1.00873744999341,0.706395054279679,1.20018392656555,0,Loyal Customers
17134,0.986087311088335,0.423035857164402,1.04742611505514,1,At Risk Customers
17135,0.753653330845511,0.672502967079056,1.11154890242656,0,Loyal Customers
17136,1.06546001800065,0.423035857164402,1.05222904475039,1,At Risk Customers
17137,0.956848463705964,0.732568747710418,1.12490252608042,0,Loyal Customers
17138,0.895607189939859,0.732568747710418,1.17260134584454,0,Loyal Customers
17139,0.895607189939859,0.829304666300179,1.197585735381,0,Loyal Customers
17141,0.959696320446474,0.672502967079056,1.10756415767758,3,Regular Customers
17142,0.936268254134964,0.625800285598644,1.10564391442811,3,Regular Customers
17143,0.958289233840266,0.554618356622274,1.11574261750562,3,Regular Customers
17145,1.02690751855022,0.672502967079056,1.163883294663,0,Loyal Customers
17146,0.979563883308144,0.798927899057388,1.18027149209679,0,Loyal Customers
17147,0.994243814213533,0.706395054279679,1.13679002780536,0,Loyal Customers
17149,0.993481006020529,0.423035857164402,1.02490544265206,1,At Risk Customers
17150,0.820286244339271,0.732568747710418,1.13330254444491,0,Loyal Customers
17151,1.07645389786816,0.423035857164402,1.05228020128318,1,At Risk Customers
17152,0.968711214153241,0.423035857164402,1.07017669329596,1,At Risk Customers
17155,1.03256752219647,0.706395054279679,1.1019800075144,3,Regular Customers
17156,1.01768731722123,0.423035857164402,1.09842812209083,1,At Risk Customers
17157,1.01207891477636,0.85802782528634,1.17851462880521,0,Loyal Customers
17158,1.03920029798607,0.554618356622274,1.1066847022157,3,Regular Customers
17159,1.0104353962562,0.554618356622274,1.09597881811207,3,Regular Customers
17160,0.798927899057388,0.810237201722229,1.18883941140625,0,Loyal Customers
17161,0.987818703754018,0.423035857164402,1.11453086395138,3,Regular Customers
17163,0.98866440976494,0.554618356622274,1.08092564350251,3,Regular Customers
17165,0.85802782528634,0.706395054279679,1.14048314087958,0,Loyal Customers
17167,0.84490704589724,0.625800285598644,1.11507477991862,3,Regular Customers
17168,1.02095555902629,0.423035857164402,1.08014902517731,1,At Risk Customers
17169,1.047915176518,0.423035857164402,1.06923505542911,1,At Risk Customers
17170,0.798927899057388,0.554618356622274,1.0378445313264,1,At Risk Customers
17171,1.06528768235184,0.423035857164402,1.03137089776705,1,At Risk Customers
17172,0.974393832083351,0.554618356622274,1.10184452831182,3,Regular Customers
17176,1.03221023266022,0.554618356622274,1.09875566783719,3,Regular Customers
17177,1.02402166385738,0.423035857164402,1.01393171412725,1,At Risk Customers
17178,1.07592082925928,0.423035857164402,1.08393103896123,1,At Risk Customers
17179,0.863862787100884,0.625800285598644,1.11141143456662,3,Regular Customers
17180,0.965014756302866,0.753653330845511,1.13593272603337,0,Loyal Customers
17181,0.786047879585602,0.554618356622274,1.0507556133269,3,Regular Customers
17182,0.965014756302866,0.554618356622274,1.06929010619876,3,Regular Customers
17184,1.04555064623526,0.554618356622274,1.04373832174348,1,At Risk Customers
17185,1.05112674073876,0.625800285598644,1.05170953295432,3,Regular Customers
17187,1.03221023266022,0.423035857164402,1.05912827669065,1,At Risk Customers
17188,0.989497282824003,0.732568747710418,1.15012974294915,0,Loyal Customers
17189,1.04305729394222,0.625800285598644,1.09671596982614,3,Regular Customers
17190,0.93420673023127,0.706395054279679,1.13103264312116,0,Loyal Customers
17191,0.672502967079056,0.810237201722229,1.15917835759177,2,VIP Customers
17192,1.03566792986984,0.423035857164402,0.983642205905718,1,At Risk Customers
17193,0.883605064784244,0.554618356622274,1.09983862718766,3,Regular Customers
17194,1.03362361622041,0.423035857164402,1.09508968361214,1,At Risk Customers
17195,1.06423887109107,0.423035857164402,1.09616261508811,1,At Risk Customers
17196,0.97105164486998,0.423035857164402,1.07029197463598,1,At Risk Customers
17198,0.423035857164402,0.554618356622274,1.09267221278185,2,VIP Customers
17199,1.04892787079614,0.423035857164402,1.02142330815461,1,At Risk Customers
17200,0.887827694546274,0.672502967079056,1.07451709425,3,Regular Customers
17201,1.03112207347692,0.625800285598644,1.11439780740362,3,Regular Customers
17202,0.96241498725723,0.423035857164402,1.03172361799112,1,At Risk Customers
17203,0.891821261528334,0.672502967079056,1.1480872903265,0,Loyal Customers
17204,0.798927899057388,0.706395054279679,1.17179390953925,0,Loyal Customers
17205,0.956848463705964,0.554618356622274,1.1001696050095,3,Regular Customers
17207,1.06370470954918,0.423035857164402,1.06452458400375,1,At Risk Customers
17208,0.914863320248503,0.423035857164402,1.0093949727859,1,At Risk Customers
17209,1.06316384226145,0.625800285598644,1.09871865651255,3,Regular Customers
17210,0.905894483417168,0.423035857164402,1.05666339909606,1,At Risk Customers
17211,0.706395054279679,0.732568747710418,1.14259442256418,2,VIP Customers
17212,0.998606382916698,0.554618356622274,1.09653080035196,3,Regular Customers
17213,0.554618356622274,0.753653330845511,1.15465913604037,2,VIP Customers
17215,1.00263834077406,0.423035857164402,1.04016466883095,1,At Risk Customers
17216,1.04131685818134,0.423035857164402,0.971735752342134,1,At Risk Customers
17217,1.05734870723575,0.423035857164402,1.00039141791193,1,At Risk Customers
17218,0.672502967079056,0.786047879585602,1.15194412095109,2,VIP Customers
17219,0.956848463705964,0.423035857164402,1.02565047504751,1,At Risk Customers
17220,0.958289233840266,0.753653330845511,1.13065836014864,0,Loyal Customers
17221,1.05112674073876,0.625800285598644,1.10207559229317,3,Regular Customers
17222,1.0104353962562,0.706395054279679,1.13006390279188,3,Regular Customers
17223,0.672502967079056,0.554618356622274,1.08404439097697,2,VIP Customers
17224,1.02229299562842,0.423035857164402,1.00319180222022,1,At Risk Customers
17225,1.04867681047647,0.423035857164402,1.01965068139981,1,At Risk Customers
17226,0.987818703754018,0.554618356622274,1.09089296580314,3,Regular Customers
17227,0.672502967079056,0.753653330845511,1.12423468460522,2,VIP Customers
17228,0.625800285598644,0.753653330845511,1.1306624133469,2,VIP Customers
17230,1.04390352365141,0.798927899057388,1.18408571336131,0,Loyal Customers
17231,0.895607189939859,0.84490704589724,1.17179348595758,0,Loyal Customers
17233,0.991125924427997,0.554618356622274,1.07631861767219,3,Regular Customers
17235,0.771164660636414,0.753653330845511,1.13321214711281,0,Loyal Customers
17236,0.947405270060277,0.732568747710418,1.12155271131619,0,Loyal Customers
17237,0.810237201722229,0.554618356622274,1.10457129396778,3,Regular Customers
17238,0.753653330845511,0.85802782528634,1.17215200410903,0,Loyal Customers
17239,0.887827694546274,0.625800285598644,1.11202388668281,3,Regular Customers
17240,1.0523034349406,0.423035857164402,1.01939487368974,1,At Risk Customers
17241,0.87912862186124,0.820286244339271,1.15930548710382,0,Loyal Customers
17242,0.99719132727709,0.625800285598644,1.14313083912276,3,Regular Customers
17243,0.706395054279679,0.943907056186028,1.20611082416257,2,VIP Customers
17244,0.869294239284948,0.672502967079056,1.11527024367799,3,Regular Customers
17245,1.06986772639587,0.423035857164402,1.04423215863964,1,At Risk Customers
17246,1.03888993689051,0.554618356622274,0.934038925606416,1,At Risk Customers
17248,1.01261520652632,0.423035857164402,1.0388556710971,1,At Risk Customers
17249,0.972187368078744,0.423035857164402,0.976549808566723,1,At Risk Customers
17251,0.863862787100884,0.554618356622274,1.09332864078346,3,Regular Customers
17254,0.92987564040383,0.423035857164402,1.04370464868815,1,At Risk Customers
17255,0.899204137093441,0.554618356622274,1.08978991204189,3,Regular Customers
17256,1.01261520652632,0.625800285598644,1.05815601245427,3,Regular Customers
17257,0.980543622089699,0.554618356622274,1.04125178267077,1,At Risk Customers
17258,0.917610260115658,0.554618356622274,1.08216717001365,3,Regular Customers
17259,0.672502967079056,0.706395054279679,1.12968904796485,2,VIP Customers
17260,0.949083336953801,0.423035857164402,1.01467992356643,1,At Risk Customers
17261,1.0256915346265,0.423035857164402,1.04981786692305,1,At Risk Customers
17262,0.554618356622274,0.753653330845511,1.13727773773038,2,VIP Customers
17264,0.967504775196054,0.423035857164402,1.06001897704422,1,At Risk Customers
17266,1.02140539923958,0.554618356622274,1.04558838145875,1,At Risk Customers
17268,0.98866440976494,0.753653330845511,1.1197696122664,0,Loyal Customers
17269,0.87912862186124,0.423035857164402,1.0899408693543,1,At Risk Customers
17270,1.00577719452483,0.554618356622274,1.09915072961653,3,Regular Customers
17271,1.07658609632343,0.423035857164402,1.04536150213414,1,At Risk Customers
17273,0.967504775196054,0.423035857164402,1.02407259677667,1,At Risk Customers
17274,0.914863320248503,0.423035857164402,1.08735547394327,1,At Risk Customers
17275,0.869294239284948,0.423035857164402,1.01104416840521,1,At Risk Customers
17276,0.932077249682868,0.423035857164402,1.0909401090578,1,At Risk Customers
17278,1.04445915654612,0.423035857164402,0.896341144170307,1,At Risk Customers
17280,0.982453320777553,0.423035857164402,1.01359792377287,1,At Risk Customers
17281,0.798927899057388,0.732568747710418,1.11153925361352,0,Loyal Customers
17282,0.99719132727709,0.554618356622274,1.10073354749628,3,Regular Customers
17283,0.837466628755802,0.423035857164402,1.04085940294369,1,At Risk Customers
17284,0.895607189939859,0.554618356622274,1.12637337452775,3,Regular Customers
17285,1.05917602961924,0.554618356622274,1.08107494526357,3,Regular Customers
17286,0.927597350695399,0.554618356622274,1.05363298670478,3,Regular Customers
17287,0.625800285598644,0.851732346927839,1.16252165428828,2,VIP Customers
17288,0.899204137093441,0.672502967079056,1.12304801119218,3,Regular Customers
17289,0.820286244339271,0.732568747710418,1.12530445364849,0,Loyal Customers
17290,0.85802782528634,0.732568747710418,1.11996949891374,0,Loyal Customers
17292,1.00757357875508,0.554618356622274,1.06069063836051,1,At Risk Customers
17293,0.912001235290911,0.771164660636414,1.14604784432666,0,Loyal Customers
17294,1.06664731220247,0.554618356622274,1.08759651109496,3,Regular Customers
17296,1.07578648051123,0.423035857164402,1.0718558509003,1,At Risk Customers
17298,0.798927899057388,0.625800285598644,1.08637644803597,3,Regular Customers
17299,0.98338429212101,0.554618356622274,1.0716319384481,3,Regular Customers
17300,0.899204137093441,0.554618356622274,1.07934744434091,3,Regular Customers
17301,1.05837326728565,0.423035857164402,1.01965068139981,1,At Risk Customers
17304,1.03499623721457,0.423035857164402,1.00959343245658,1,At Risk Customers
17305,1.06298203587431,0.423035857164402,1.15041752529652,3,Regular Customers
17306,0.909014982122063,0.554618356622274,1.12674088887721,3,Regular Customers
17307,0.914863320248503,0.810237201722229,1.17229583778869,0,Loyal Customers
17308,0.909014982122063,0.554618356622274,1.17627323819723,3,Regular Customers
17309,0.85802782528634,0.554618356622274,1.05359464144711,3,Regular Customers
17310,0.887827694546274,0.554618356622274,1.12203478850675,3,Regular Customers
17311,0.905894483417168,0.672502967079056,1.15119837665937,0,Loyal Customers
17314,0.909014982122063,0.786047879585602,1.15429011759303,0,Loyal Customers
17315,0.810237201722229,0.706395054279679,1.16599080868621,0,Loyal Customers
17316,0.96241498725723,0.423035857164402,1.0164415748707,1,At Risk Customers
17318,1.07510811504627,0.423035857164402,1.03050546038924,1,At Risk Customers
17319,1.06664731220247,0.423035857164402,0.909319473241757,1,At Risk Customers
17320,0.672502967079056,0.672502967079056,1.14183844477565,2,VIP Customers
17321,0.912001235290911,0.672502967079056,1.12134610891236,3,Regular Customers
17322,0.820286244339271,0.706395054279679,1.11767651170754,0,Loyal Customers
17323,0.942081923268111,0.706395054279679,1.1022398749067,3,Regular Customers
17324,0.554618356622274,0.786047879585602,1.13193976348054,2,VIP Customers
17325,0.947405270060277,0.554618356622274,1.09187848004853,3,Regular Customers
17326,0.943907056186028,0.554618356622274,1.06785939686491,3,Regular Customers
17327,0.945680643631524,0.554618356622274,1.02861836848643,1,At Risk Customers
17328,1.0673112267028,0.423035857164402,1.00559409154409,1,At Risk Customers
17329,1.07592082925928,0.625800285598644,1.0883563616442,3,Regular Customers
17330,1.03826297107665,0.554618356622274,0.967382751140675,1,At Risk Customers
17332,1.03292215867518,0.706395054279679,1.1136442157717,3,Regular Customers
17334,0.940202458817879,0.423035857164402,1.07035026369002,1,At Risk Customers
17335,0.869294239284948,0.554618356622274,1.09043337068488,3,Regular Customers
17336,1.00757357875508,0.423035857164402,0.988765025040555,1,At Risk Customers
17338,0.810237201722229,0.786047879585602,1.18206210846693,0,Loyal Customers
17339,0.423035857164402,0.554618356622274,1.01367112827448,2,VIP Customers
17340,0.554618356622274,0.771164660636414,1.20080211701762,2,VIP Customers
17341,0.554618356622274,0.625800285598644,1.12128405475542,2,VIP Customers
17342,0.84490704589724,0.672502967079056,1.12931587776216,0,Loyal Customers
17343,0.820286244339271,0.706395054279679,1.12364523601626,0,Loyal Customers
17344,1.07551646672211,0.423035857164402,1.06575823867442,1,At Risk Customers
17345,0.810237201722229,0.732568747710418,1.12366967781127,0,Loyal Customers
17346,0.786047879585602,0.820286244339271,1.1562428479229,0,Loyal Customers
17348,0.981506595544463,0.672502967079056,1.1311514762493,3,Regular Customers
17349,0.851732346927839,0.672502967079056,1.10422793466416,3,Regular Customers
17350,0.912001235290911,0.625800285598644,1.09995885743796,3,Regular Customers
17351,0.97105164486998,0.786047879585602,1.13452411138973,0,Loyal Customers
17352,1.07093934057288,0.423035857164402,0.928174376373211,1,At Risk Customers
17353,1.01768731722123,0.554618356622274,1.13721979360803,3,Regular Customers
17354,0.972187368078744,0.625800285598644,1.14284351265816,3,Regular Customers
17355,0.883605064784244,0.423035857164402,1.06098925224153,1,At Risk Customers
17356,1.04131685818134,0.672502967079056,1.10991690154195,3,Regular Customers
17358,0.820286244339271,0.625800285598644,1.09072798164344,3,Regular Customers
17359,1.06298203587431,0.423035857164402,1.03023341803686,1,At Risk Customers
17360,0.87912862186124,0.625800285598644,1.10138657363834,3,Regular Customers
17361,1.06780245488857,0.554618356622274,1.07808809007944,3,Regular Customers
17362,0.927597350695399,0.706395054279679,1.10661000508378,3,Regular Customers
17363,0.914863320248503,0.625800285598644,1.11758003550192,3,Regular Customers
17364,0.820286244339271,0.85802782528634,1.19239760023524,0,Loyal Customers
17365,0.883605064784244,0.753653330845511,1.16699203733053,0,Loyal Customers
17366,0.976518532381328,0.554618356622274,1.12406070450336,3,Regular Customers
17368,0.810237201722229,0.732568747710418,1.11566854380395,0,Loyal Customers
17369,0.996469488897356,0.423035857164402,1.120149281652,3,Regular Customers
17371,1.05817025831518,0.625800285598644,1.05344319400036,3,Regular Customers
17372,0.85802782528634,0.874369583994872,1.16263283777885,0,Loyal Customers
17373,0.959696320446474,0.625800285598644,1.09257664268444,3,Regular Customers
17374,0.914863320248503,0.423035857164402,1.05214986950426,1,At Risk Customers
17375,0.975466054775925,0.423035857164402,1.05846431571587,1,At Risk Customers
17376,0.936268254134964,0.554618356622274,1.05639304556295,3,Regular Customers
17377,0.423035857164402,0.967504775196054,1.21104846714749,2,VIP Customers
17378,0.798927899057388,0.423035857164402,0.809703868637389,1,At Risk Customers
17380,0.978566837930225,0.625800285598644,1.10227292104915,3,Regular Customers
17381,0.672502967079056,0.820286244339271,1.22018810009383,2,VIP Customers
17382,0.979563883308144,0.753653330845511,1.11357381725018,0,Loyal Customers
17383,0.994995986631273,0.423035857164402,1.0091386802318,1,At Risk Customers
17384,1.00454417714874,0.423035857164402,1.03538362443175,1,At Risk Customers
17386,0.87912862186124,0.423035857164402,1.01737269950504,1,At Risk Customers
17388,0.96241498725723,0.753653330845511,1.1349313503547,0,Loyal Customers
17389,0.798927899057388,0.902628441245975,1.22691921987867,0,Loyal Customers
17390,0.96241498725723,0.423035857164402,1.02742515623805,1,At Risk Customers
17392,0.992707283229087,0.423035857164402,1.03453740015547,1,At Risk Customers
17393,0.947405270060277,0.554618356622274,1.07777640849933,3,Regular Customers
17395,1.02527937775687,0.423035857164402,1.0009955652948,1,At Risk Customers
17396,0.753653330845511,0.753653330845511,1.13655368141628,0,Loyal Customers
17397,0.956848463705964,0.423035857164402,1.09224654794554,1,At Risk Customers
17400,1.04867681047647,0.625800285598644,1.15646351072369,3,Regular Customers
17401,1.03730652062128,0.423035857164402,1.01145512762338,1,At Risk Customers
17402,0.706395054279679,0.820286244339271,1.15555155431689,2,VIP Customers
17403,0.992707283229087,0.423035857164402,1.01364499592835,1,At Risk Customers
17404,0.945680643631524,0.771164660636414,1.21422176014132,0,Loyal Customers
17406,0.554618356622274,0.810237201722229,1.15889125543592,2,VIP Customers
17407,0.949083336953801,0.423035857164402,1.09533968746777,1,At Risk Customers
17408,1.02185118922711,0.554618356622274,1.06287988897877,1,At Risk Customers
17409,0.96372913748031,0.771164660636414,1.19033161937529,0,Loyal Customers
17411,0.883605064784244,0.554618356622274,1.10237188614506,3,Regular Customers
17412,0.771164660636414,0.798927899057388,1.1643065629055,0,Loyal Customers
17413,0.936268254134964,0.554618356622274,1.0959325285208,3,Regular Customers
17414,0.966272952906034,0.672502967079056,1.13642830845628,3,Regular Customers
17416,0.909014982122063,0.84490704589724,1.20215859005562,0,Loyal Customers
17417,1.03950861169563,0.423035857164402,1.03298571428526,1,At Risk Customers
17418,0.887827694546274,0.423035857164402,1.04598006216379,1,At Risk Customers
17419,0.625800285598644,0.771164660636414,1.15270031012789,2,VIP Customers
17420,0.786047879585602,0.672502967079056,1.08934797257463,3,Regular Customers
17421,0.883605064784244,0.625800285598644,1.12338101730492,3,Regular Customers
17422,0.85802782528634,0.706395054279679,1.14000890759294,0,Loyal Customers
17423,0.909014982122063,0.423035857164402,1.08253848683462,1,At Risk Customers
17426,0.994243814213533,0.753653330845511,1.16298093930505,0,Loyal Customers
17428,0.672502967079056,0.863862787100884,1.21181027650084,2,VIP Customers
17429,0.917610260115658,0.554618356622274,1.11335312792447,3,Regular Customers
17430,0.423035857164402,0.625800285598644,1.08775906398608,2,VIP Customers
17432,0.87912862186124,0.753653330845511,1.1334544893584,0,Loyal Customers
17433,0.87912862186124,0.423035857164402,1.05972932703912,1,At Risk Customers
17435,0.949083336953801,0.423035857164402,1.07084097450015,1,At Risk Customers
17436,0.943907056186028,0.625800285598644,1.06872997755993,3,Regular Customers
17437,1.03327417821402,0.423035857164402,1.07627874485215,1,At Risk Customers
17438,0.987818703754018,0.672502967079056,1.12240165957839,3,Regular Customers
17439,1.06423887109107,0.423035857164402,1.06998230811289,1,At Risk Customers
17440,1.03981490282658,0.423035857164402,1.02236331934455,1,At Risk Customers
17441,1.0760547427666,0.423035857164402,1.06465271292516,1,At Risk Customers
17442,0.85802782528634,0.786047879585602,1.15421793916284,0,Loyal Customers
17448,1.0205016003166,0.947405270060277,1.21173440445922,0,Loyal Customers
17449,0.887827694546274,0.732568747710418,1.15387061498655,0,Loyal Customers
17450,0.625800285598644,0.753653330845511,1.24524057669994,2,VIP Customers
17454,1.00132824164135,0.732568747710418,1.12224654505034,0,Loyal Customers
17456,0.423035857164402,0.554618356622274,1.11999535917988,2,VIP Customers
17457,0.84490704589724,0.786047879585602,1.17428502788524,0,Loyal Customers
17458,0.85802782528634,0.423035857164402,1.04767902486185,1,At Risk Customers
17460,0.771164660636414,0.820286244339271,1.13978286491856,0,Loyal Customers
17463,1.04305729394222,0.554618356622274,1.10325106629173,3,Regular Customers
17464,1.03075379565817,0.554618356622274,1.10030829734242,3,Regular Customers
17465,0.968711214153241,0.753653330845511,1.156707096254,0,Loyal Customers
17467,0.914863320248503,0.423035857164402,1.00429403855194,1,At Risk Customers
17468,0.810237201722229,0.423035857164402,0.964759860898439,1,At Risk Customers
17469,0.927597350695399,0.820286244339271,1.16453270972544,0,Loyal Customers
17470,0.625800285598644,0.753653330845511,1.14149418291655,2,VIP Customers
17471,1.00873744999341,0.423035857164402,1.06934508538097,1,At Risk Customers
17472,1.05917602961924,0.423035857164402,1.05060147588477,1,At Risk Customers
17473,0.943907056186028,0.554618356622274,1.09956318303628,3,Regular Customers
17474,1.05299489116356,0.423035857164402,1.12290002695342,3,Regular Customers
17476,0.914863320248503,0.554618356622274,1.08975565258503,3,Regular Customers
17477,1.05587305448721,0.554618356622274,1.12650452525947,3,Regular Customers
17478,0.943907056186028,0.554618356622274,1.13075301670718,3,Regular Customers
17479,1.05996432564944,0.423035857164402,1.07880334777015,1,At Risk Customers
17480,0.987818703754018,0.423035857164402,1.07637570163283,1,At Risk Customers
17482,1.01571919790023,0.554618356622274,1.11032872056902,3,Regular Customers
17483,0.953859785790446,0.423035857164402,1.03752823527031,1,At Risk Customers
17484,1.04740022867383,0.554618356622274,1.04676662176202,1,At Risk Customers
17487,1.07551646672211,0.423035857164402,1.03168737490139,1,At Risk Customers
17488,1.06168752805318,0.423035857164402,1.07161409269254,1,At Risk Customers
17490,0.891821261528334,0.554618356622274,1.10316917401212,3,Regular Customers
17491,0.625800285598644,0.771164660636414,1.15497316331098,2,VIP Customers
17492,1.01098912355426,0.554618356622274,1.10875553133734,3,Regular Customers
17493,0.87912862186124,0.423035857164402,1.00322380139894,1,At Risk Customers
17494,1.02229299562842,0.423035857164402,0.960661996176153,1,At Risk Customers
17495,0.899204137093441,0.423035857164402,1.06733756923583,1,At Risk Customers
17496,1.04390352365141,0.625800285598644,1.12641785222429,3,Regular Customers
17497,0.899204137093441,0.554618356622274,1.06357012746527,3,Regular Customers
17499,1.04334110028754,0.423035857164402,1.10701838607439,1,At Risk Customers
17504,0.851732346927839,0.786047879585602,1.18790500625041,0,Loyal Customers
17505,1.04011919575166,0.625800285598644,1.13127265198543,3,Regular Customers
17508,0.85802782528634,0.753653330845511,1.17385260841307,0,Loyal Customers
17510,0.96241498725723,0.423035857164402,1.0458409437436,1,At Risk Customers
17511,0.625800285598644,0.914863320248503,1.25654198698292,2,VIP Customers
17512,0.994243814213533,0.771164660636414,1.15670765562733,0,Loyal Customers
17513,0.943907056186028,0.554618356622274,1.10231418806395,3,Regular Customers
17514,1.06664731220247,0.423035857164402,1.06802166889681,1,At Risk Customers
17515,0.912001235290911,0.706395054279679,1.11948012535099,0,Loyal Customers
17516,0.837466628755802,0.423035857164402,1.03908260331033,1,At Risk Customers
17518,0.968711214153241,0.554618356622274,1.07054754013183,3,Regular Customers
17519,0.672502967079056,0.798927899057388,1.1654405010105,2,VIP Customers
17521,0.912001235290911,0.554618356622274,1.0955002590405,3,Regular Customers
17524,0.982453320777553,0.554618356622274,1.07940909775856,3,Regular Customers
17525,0.920250163124061,0.554618356622274,1.10825181694895,3,Regular Customers
17526,0.423035857164402,0.786047879585602,1.16216843812329,2,VIP Customers
17529,1.05544222511061,0.554618356622274,1.12972559741225,3,Regular Customers
17530,0.423035857164402,0.625800285598644,1.1074223208956,2,VIP Customers
17531,1.03256752219647,0.554618356622274,1.11976406743491,3,Regular Customers
17532,0.87912862186124,0.423035857164402,0.973675016458211,1,At Risk Customers
17533,0.978566837930225,0.423035857164402,0.9247551432599,1,At Risk Customers
17534,0.993481006020529,0.672502967079056,1.13573665636459,3,Regular Customers
17536,0.96241498725723,0.554618356622274,1.06376379275719,3,Regular Customers
17539,1.05693210585141,0.672502967079056,1.12763100955828,3,Regular Customers
17540,0.869294239284948,0.672502967079056,1.12149467594252,0,Loyal Customers
17541,1.0256915346265,0.423035857164402,1.01411851026739,1,At Risk Customers
17542,1.06168752805318,0.554618356622274,1.03503004912779,1,At Risk Customers
17543,1.03981490282658,0.423035857164402,1.01421682025941,1,At Risk Customers
17544,0.899204137093441,0.625800285598644,1.11866813033171,3,Regular Customers
17545,0.899204137093441,0.625800285598644,1.10987709134667,3,Regular Customers
17547,0.810237201722229,0.554618356622274,1.10758028188559,3,Regular Customers
17548,0.837466628755802,0.625800285598644,1.10108171318235,3,Regular Customers
17550,0.920250163124061,0.732568747710418,1.15214738114504,0,Loyal Customers
17552,0.771164660636414,0.798927899057388,1.15074774706499,0,Loyal Customers
17553,1.00757357875508,0.625800285598644,1.15263743946184,3,Regular Customers
17555,0.968711214153241,0.625800285598644,1.0963600077508,3,Regular Customers
17556,0.84490704589724,0.423035857164402,1.02476761415548,1,At Risk Customers
17557,1.0760547427666,0.423035857164402,0.922790339925867,1,At Risk Customers
17558,0.909014982122063,0.423035857164402,1.05820483616805,1,At Risk Customers
17559,1.02690751855022,0.423035857164402,1.03418431589312,1,At Risk Customers
17560,0.914863320248503,0.672502967079056,1.12265919477872,3,Regular Customers
17561,0.899204137093441,0.625800285598644,1.09408173301032,3,Regular Customers
17563,1.047915176518,0.554618356622274,1.07919166385708,3,Regular Customers
17565,1.0499184031564,0.423035857164402,1.01996514646655,1,At Risk Customers
17567,0.771164660636414,0.554618356622274,1.12201278208609,3,Regular Customers
17568,1.060159195571,0.423035857164402,1.07690820248775,1,At Risk Customers
17570,0.85802782528634,0.423035857164402,1.00263834077406,1,At Risk Customers
17571,1.03762750670487,0.423035857164402,1.0456153161536,1,At Risk Customers
17572,0.786047879585602,0.753653330845511,1.09036030923085,0,Loyal Customers
17575,1.06631143806607,0.423035857164402,1.03556778179168,1,At Risk Customers
17576,0.423035857164402,0.887827694546274,1.18128739886421,2,VIP Customers
17577,1.06243198112698,0.554618356622274,1.07339769231468,3,Regular Customers
17578,1.00873744999341,0.732568747710418,1.11681956501261,3,Regular Customers
17579,1.047915176518,0.423035857164402,1.06654347362782,1,At Risk Customers
17580,0.820286244339271,0.554618356622274,1.06991421595702,3,Regular Customers
17581,0.771164660636414,0.874369583994872,1.19320960288983,0,Loyal Customers
17582,0.989497282824003,0.672502967079056,1.13071817381675,3,Regular Customers
17583,1.04305729394222,0.423035857164402,1.02182899488536,1,At Risk Customers
17584,1.00454417714874,0.672502967079056,1.17285038233649,0,Loyal Customers
17585,0.98866440976494,0.625800285598644,1.11880906626747,3,Regular Customers
17586,1.05734870723575,0.423035857164402,1.03410855842413,1,At Risk Customers
17587,1.05917602961924,0.423035857164402,1.03721302327006,1,At Risk Customers
17588,0.917610260115658,0.672502967079056,1.14193201274995,0,Loyal Customers
17589,0.87912862186124,0.837466628755802,1.20490636736595,0,Loyal Customers
17591,0.625800285598644,0.554618356622274,1.09252078519369,2,VIP Customers
17592,1.07684922854372,0.423035857164402,1.02702746358981,1,At Risk Customers
17593,0.945680643631524,0.732568747710418,1.17366682716794,0,Loyal Customers
17594,0.991922356299061,0.554618356622274,1.13728900716263,3,Regular Customers
17596,0.672502967079056,0.753653330845511,1.14937995066844,2,VIP Customers
17597,0.959696320446474,0.672502967079056,1.13558204185445,3,Regular Customers
17598,0.85802782528634,0.423035857164402,1.081315514116,1,At Risk Customers
17599,1.0104353962562,0.423035857164402,0.956921324926172,1,At Risk Customers
17601,0.851732346927839,0.423035857164402,1.06529976843588,1,At Risk Customers
17602,1.00757357875508,0.771164660636414,1.15311197418678,0,Loyal Customers
17603,1.05693210585141,0.625800285598644,1.13431708685185,3,Regular Customers
17604,0.965014756302866,0.672502967079056,1.10143937373038,3,Regular Customers
17605,1.05088765459954,0.423035857164402,1.0317598336731,1,At Risk Customers
17606,1.07671787238121,0.423035857164402,0.993710981622261,1,At Risk Customers
17607,0.820286244339271,0.423035857164402,1.07121204549525,1,At Risk Customers
17608,0.991922356299061,0.554618356622274,1.06512678584214,3,Regular Customers
17609,0.932077249682868,0.732568747710418,1.11068606169994,0,Loyal Customers
17610,1.03698332858472,0.706395054279679,1.13747389442124,3,Regular Customers
17611,0.96372913748031,0.829304666300179,1.17527351834588,0,Loyal Customers
17612,0.84490704589724,0.820286244339271,1.16627865360038,0,Loyal Customers
17615,0.887827694546274,0.625800285598644,1.07916936095139,3,Regular Customers
17616,0.625800285598644,0.554618356622274,1.08973089111067,2,VIP Customers
17617,1.04248439263064,0.423035857164402,1.07829119378067,1,At Risk Customers
17618,0.869294239284948,0.771164660636414,1.16333037392053,0,Loyal Customers
17621,0.936268254134964,0.625800285598644,1.14399795608399,3,Regular Customers
17622,1.05253511046058,0.554618356622274,1.12600513017408,3,Regular Customers
17623,0.945680643631524,0.732568747710418,1.14489373753528,0,Loyal Customers
17624,0.981506595544463,0.554618356622274,1.10741872303287,3,Regular Customers
17625,0.989497282824003,0.672502967079056,1.17194911981739,0,Loyal Customers
17626,1.05367580415838,0.423035857164402,1.05714089911136,1,At Risk Customers
17627,1.01098912355426,0.423035857164402,1.06517702269736,1,At Risk Customers
17629,0.891821261528334,0.554618356622274,1.10202436677485,3,Regular Customers
17631,0.798927899057388,0.672502967079056,1.0878340951006,3,Regular Customers
17633,0.84490704589724,0.625800285598644,1.10785984308726,3,Regular Customers
17635,0.967504775196054,0.625800285598644,1.13052777672827,3,Regular Customers
17638,1.06279946093275,0.554618356622274,1.11385258213637,3,Regular Customers
17639,0.887827694546274,0.706395054279679,1.09132437899698,3,Regular Customers
17640,0.84490704589724,0.706395054279679,1.15676982290429,0,Loyal Customers
17642,0.97330117724734,0.625800285598644,1.12535614274359,3,Regular Customers
17643,0.786047879585602,0.554618356622274,1.08466704377239,3,Regular Customers
17644,0.912001235290911,0.786047879585602,1.16401624034837,0,Loyal Customers
17646,0.423035857164402,0.798927899057388,1.16410900942934,2,VIP Customers
17647,1.06664731220247,0.554618356622274,1.04379158710313,1,At Risk Customers
17648,0.87912862186124,0.423035857164402,1.0823475240862,1,At Risk Customers
17649,1.00577719452483,0.554618356622274,1.10652348730485,3,Regular Customers
17651,1.02095555902629,0.732568747710418,1.14322249042602,0,Loyal Customers
17655,0.554618356622274,0.625800285598644,1.12156933320917,2,VIP Customers
17657,0.974393832083351,0.423035857164402,1.01720246882299,1,At Risk Customers
17659,0.771164660636414,0.625800285598644,1.11349515373081,3,Regular Customers
17660,1.07671787238121,0.423035857164402,1.03273452955874,1,At Risk Customers
17662,1.06528768235184,0.554618356622274,1.08165972630636,3,Regular Customers
17663,0.958289233840266,0.798927899057388,1.16654807399486,0,Loyal Customers
17664,1.00873744999341,0.554618356622274,1.09605017382691,3,Regular Customers
17665,1.01864315500103,0.423035857164402,1.09617230688569,1,At Risk Customers
17666,1.0104353962562,0.625800285598644,1.13217913550887,3,Regular Customers
17667,0.979563883308144,0.672502967079056,1.14602078854406,0,Loyal Customers
17669,1.00132824164135,0.625800285598644,1.15929250207617,3,Regular Customers
17671,0.423035857164402,0.554618356622274,1.11325557715145,2,VIP Customers
17672,0.958289233840266,0.706395054279679,1.15750324771711,0,Loyal Customers
17673,0.810237201722229,0.753653330845511,1.15720813731811,0,Loyal Customers
17674,0.672502967079056,0.423035857164402,1.06591508265137,1,At Risk Customers
17675,0.625800285598644,0.936268254134964,1.21751641258108,2,VIP Customers
17676,0.554618356622274,0.706395054279679,1.13388046933016,2,VIP Customers
17677,0.554618356622274,0.905894483417168,1.22100263896409,2,VIP Customers
17678,1.05390048335045,0.423035857164402,1.06608322030371,1,At Risk Customers
17679,1.03038267286013,0.706395054279679,1.13929620316825,3,Regular Customers
17680,0.869294239284948,0.554618356622274,1.06797305235434,3,Regular Customers
17681,1.05253511046058,0.706395054279679,1.10777975954446,3,Regular Customers
17682,0.672502967079056,0.732568747710418,1.14768830301392,2,VIP Customers
17683,0.87912862186124,0.625800285598644,1.11265638607896,3,Regular Customers
17685,0.771164660636414,0.732568747710418,1.15949768956824,0,Loyal Customers
17686,0.966272952906034,0.554618356622274,1.15691004338312,3,Regular Customers
17687,0.96241498725723,0.423035857164402,1.08390016950399,1,At Risk Customers
17688,0.909014982122063,0.423035857164402,1.06651327955355,1,At Risk Customers
17689,0.891821261528334,0.554618356622274,1.06862152855559,3,Regular Customers
17690,0.554618356622274,0.771164660636414,1.15863706530716,2,VIP Customers
17691,0.672502967079056,0.625800285598644,1.08973565414089,2,VIP Customers
17692,0.917610260115658,0.771164660636414,1.15207252874146,0,Loyal Customers
17694,1.0265055527832,0.554618356622274,1.13484991102994,3,Regular Customers
17695,0.912001235290911,0.625800285598644,1.1202125170845,3,Regular Customers
17696,0.863862787100884,0.869294239284948,1.18205079378497,0,Loyal Customers
17699,1.0098756237601,0.554618356622274,1.08491514546132,3,Regular Customers
17700,0.85802782528634,0.798927899057388,1.17348248863142,0,Loyal Customers
17702,0.869294239284948,0.554618356622274,1.13218002998137,3,Regular Customers
17703,0.959696320446474,0.423035857164402,1.06513198548866,1,At Risk Customers
17705,0.996469488897356,0.554618356622274,1.05845016503618,1,At Risk Customers
17706,0.554618356622274,0.85802782528634,1.20170512849183,2,VIP Customers
17707,0.820286244339271,0.732568747710418,1.08648619497158,0,Loyal Customers
17708,0.932077249682868,0.554618356622274,1.10057337687711,3,Regular Customers
17709,1.006382923783,0.672502967079056,1.09371002258978,3,Regular Customers
17710,0.966272952906034,0.423035857164402,1.06467899351399,1,At Risk Customers
17713,0.863862787100884,0.672502967079056,1.12834727359531,0,Loyal Customers
17714,0.967504775196054,0.672502967079056,1.13026383880049,3,Regular Customers
17715,1.05136456149821,0.423035857164402,1.03263866057068,1,At Risk Customers
17716,0.917610260115658,0.829304666300179,1.2018637450996,0,Loyal Customers
17717,0.96372913748031,0.423035857164402,1.07723040858149,1,At Risk Customers
17718,1.06224706395806,0.423035857164402,1.06577360750785,1,At Risk Customers
17720,0.625800285598644,0.753653330845511,1.13899279664064,2,VIP Customers
17721,1.06494091835729,0.423035857164402,1.06701540309378,1,At Risk Customers
17722,0.554618356622274,0.554618356622274,1.14812974532114,2,VIP Customers
17723,0.810237201722229,0.423035857164402,1.0039165724299,1,At Risk Customers
17726,0.914863320248503,0.753653330845511,1.12461575102882,0,Loyal Customers
17728,0.936268254134964,0.554618356622274,1.13344070441698,3,Regular Customers
17729,1.0523034349406,0.423035857164402,1.0845532676894,1,At Risk Customers
17730,0.863862787100884,0.753653330845511,1.15574891058542,0,Loyal Customers
17731,1.05776140227984,0.554618356622274,1.08770595632764,3,Regular Customers
17732,0.771164660636414,0.771164660636414,1.15094235698343,0,Loyal Customers
17734,1.03185025321971,0.625800285598644,1.10839752273701,3,Regular Customers
17735,0.625800285598644,0.771164660636414,1.17339906113945,2,VIP Customers
17738,0.914863320248503,0.786047879585602,1.15318251645352,0,Loyal Customers
17739,0.798927899057388,0.810237201722229,1.17921969105537,0,Loyal Customers
17740,0.895607189939859,0.732568747710418,1.08325758892297,3,Regular Customers
17741,0.940202458817879,0.554618356622274,1.00334522054223,1,At Risk Customers
17742,0.972187368078744,0.786047879585602,1.14289690473894,0,Loyal Customers
17743,0.991125924427997,0.423035857164402,1.05164829347056,1,At Risk Customers
17744,0.851732346927839,0.423035857164402,1.07013665538427,1,At Risk Customers
17745,1.0104353962562,0.554618356622274,1.09906770082161,3,Regular Customers
17746,1.00698166971579,0.625800285598644,1.11132848913922,3,Regular Customers
17748,1.03256752219647,0.423035857164402,1.07471641884601,1,At Risk Customers
17749,1.03888993689051,0.423035857164402,1.07381042058111,1,At Risk Customers
17751,0.96372913748031,0.423035857164402,1.03070201065849,1,At Risk Customers
17753,1.00263834077406,0.672502967079056,1.07789292726118,3,Regular Customers
17754,0.798927899057388,0.771164660636414,1.15994064646132,0,Loyal Customers
17756,0.810237201722229,0.625800285598644,1.10763397858932,3,Regular Customers
17757,0.672502967079056,0.905894483417168,1.17034369632125,2,VIP Customers
17758,0.97105164486998,0.672502967079056,1.13857320151743,3,Regular Customers
17759,0.909014982122063,0.554618356622274,1.08490654156102,3,Regular Customers
17760,0.786047879585602,0.706395054279679,1.10132099905574,0,Loyal Customers
17762,0.99719132727709,0.423035857164402,1.01899693376243,1,At Risk Customers
17763,1.06388350083781,0.625800285598644,0.979711933911113,1,At Risk Customers
17764,0.932077249682868,0.625800285598644,1.10835837326063,3,Regular Customers
17765,0.991125924427997,0.423035857164402,1.03014738641473,1,At Risk Customers
17766,0.85802782528634,0.554618356622274,1.06573602949805,3,Regular Customers
17767,0.947405270060277,0.423035857164402,1.02438130498441,1,At Risk Customers
17768,0.887827694546274,0.672502967079056,1.12876964886583,0,Loyal Customers
17769,0.869294239284948,0.753653330845511,1.16360603620629,0,Loyal Customers
17771,0.980543622089699,0.554618356622274,1.02427580155201,1,At Risk Customers
17772,0.905894483417168,0.423035857164402,1.04051182856749,1,At Risk Customers
17773,1.02770161610933,0.554618356622274,1.09715063232289,3,Regular Customers
17774,0.920250163124061,0.706395054279679,1.14910253243812,0,Loyal Customers
17776,0.883605064784244,0.554618356622274,1.07072111133532,3,Regular Customers
17778,1.06528768235184,0.423035857164402,1.04353873047046,1,At Risk Customers
17780,1.06631143806607,0.625800285598644,1.07308436520175,3,Regular Customers
17782,0.863862787100884,0.554618356622274,1.10454409627885,3,Regular Customers
17783,1.02690751855022,0.423035857164402,0.998249095630511,1,At Risk Customers
17784,1.04011919575166,0.423035857164402,1.01035739478966,1,At Risk Customers
17785,0.98866440976494,0.554618356622274,1.0606310535555,3,Regular Customers
17787,0.753653330845511,0.423035857164402,1.10808021374166,3,Regular Customers
17789,1.06528768235184,0.423035857164402,1.03541716094853,1,At Risk Customers
17790,0.837466628755802,0.732568747710418,1.11245304630513,0,Loyal Customers
17792,1.00454417714874,0.554618356622274,1.07610151015295,3,Regular Customers
17794,1.06939999314839,0.554618356622274,1.0266264914167,1,At Risk Customers
17796,0.706395054279679,0.672502967079056,1.10336087068981,2,VIP Customers
17797,0.914863320248503,0.706395054279679,1.12812472356039,0,Loyal Customers
17798,1.04867681047647,0.423035857164402,1.03764989383508,1,At Risk Customers
17799,0.895607189939859,0.798927899057388,1.16482861711894,0,Loyal Customers
17801,0.993481006020529,0.625800285598644,1.11001651805569,3,Regular Customers
17802,0.771164660636414,0.771164660636414,1.17023910366934,0,Loyal Customers
17803,0.905894483417168,0.423035857164402,1.03971098925329,1,At Risk Customers
17804,0.820286244339271,0.625800285598644,1.07811226132893,3,Regular Customers
17805,1.05544222511061,0.423035857164402,1.08186903496821,1,At Risk Customers
17807,0.914863320248503,0.625800285598644,1.08446853899348,3,Regular Customers
17808,1.03950861169563,0.672502967079056,1.05890473808222,3,Regular Customers
17809,0.753653330845511,0.810237201722229,1.18503581179928,0,Loyal Customers
17810,1.06647970550921,0.554618356622274,1.07673891751946,3,Regular Customers
17811,0.798927899057388,0.771164660636414,1.14321094115448,0,Loyal Customers
17812,0.672502967079056,0.672502967079056,1.08078293950111,2,VIP Customers
17814,0.810237201722229,0.554618356622274,1.13986659858129,3,Regular Customers
17815,0.909014982122063,0.423035857164402,1.09843497466604,1,At Risk Customers
17816,0.423035857164402,0.625800285598644,0.984081585844123,2,VIP Customers
17817,0.837466628755802,0.625800285598644,1.08018168184092,3,Regular Customers
17818,1.07671787238121,0.423035857164402,1.01660453971378,1,At Risk Customers
17819,0.753653330845511,0.732568747710418,1.16142821487386,0,Loyal Customers
17820,0.798927899057388,0.423035857164402,1.03845508667579,1,At Risk Customers
17821,0.940202458817879,0.423035857164402,1.07133351370828,1,At Risk Customers
17822,0.96241498725723,0.706395054279679,1.15088362793233,0,Loyal Customers
17823,0.96372913748031,0.554618356622274,1.08568729758748,3,Regular Customers
17825,1.05276559208806,0.672502967079056,1.10600135633546,3,Regular Customers
17826,0.798927899057388,0.423035857164402,1.02065641268063,1,At Risk Customers
17827,1.05776140227984,0.423035857164402,1.07875079186494,1,At Risk Customers
17829,0.945680643631524,0.672502967079056,1.171172062538,0,Loyal Customers
17833,1.07483362805941,0.423035857164402,1.07190462656773,1,At Risk Customers
17834,0.953859785790446,0.554618356622274,1.10522771608203,3,Regular Customers
17838,0.423035857164402,0.798927899057388,1.17046441083402,2,VIP Customers
17840,0.986959798185287,0.423035857164402,1.03695088697423,1,At Risk Customers
17841,0.423035857164402,0.996469488897356,1.23089600876605,2,VIP Customers
17842,1.05367580415838,0.423035857164402,1.08368009076995,1,At Risk Customers
17843,0.949083336953801,0.423035857164402,1.01149331581638,1,At Risk Customers
17845,1.04161151113307,0.672502967079056,1.09874811741756,3,Regular Customers
17847,1.02809384567564,0.554618356622274,1.01896872355115,1,At Risk Customers
17848,0.958289233840266,0.87912862186124,1.15827646209035,0,Loyal Customers
17849,1.01207891477636,0.672502967079056,1.08659564058981,3,Regular Customers
17850,0.771164660636414,1.0296317282857,1.24467176014388,0,Loyal Customers
17851,0.965014756302866,0.732568747710418,1.13848735611602,0,Loyal Customers
17852,0.891821261528334,0.625800285598644,1.09455363348444,3,Regular Customers
17853,0.942081923268111,0.625800285598644,1.13955526187117,3,Regular Customers
17854,1.00132824164135,0.672502967079056,1.10929465938017,3,Regular Customers
17855,0.771164660636414,0.423035857164402,1.04660880982764,1,At Risk Customers
17857,0.423035857164402,0.554618356622274,1.14416415011715,2,VIP Customers
17858,0.706395054279679,0.869294239284948,1.19281774125498,2,VIP Customers
17860,0.672502967079056,0.672502967079056,1.10695043136628,2,VIP Customers
17861,0.87912862186124,0.798927899057388,1.16240472053408,0,Loyal Customers
17862,0.87912862186124,0.625800285598644,1.11773978168396,3,Regular Customers
17863,0.706395054279679,0.753653330845511,1.15729456563546,2,VIP Customers
17864,0.87912862186124,0.554618356622274,1.06935607264213,3,Regular Customers
17865,0.810237201722229,0.899204137093441,1.21406629224101,0,Loyal Customers
17866,1.01419096769647,0.554618356622274,1.11193649024718,3,Regular Customers
17867,0.947405270060277,0.786047879585602,1.08295161521149,0,Loyal Customers
17868,0.883605064784244,0.423035857164402,1.05116249421709,1,At Risk Customers
17869,0.672502967079056,0.625800285598644,1.09902574374693,2,VIP Customers
17870,0.554618356622274,0.554618356622274,1.12886737233581,2,VIP Customers
17871,0.920250163124061,0.672502967079056,1.11724236367475,3,Regular Customers
17872,0.85802782528634,0.423035857164402,1.05319342811995,1,At Risk Customers
17873,0.786047879585602,0.837466628755802,1.1770577755367,0,Loyal Customers
17875,1.06971239027332,0.423035857164402,1.03400505777006,1,At Risk Customers
17876,0.925237402907562,0.625800285598644,1.16706063603444,0,Loyal Customers
17878,0.914863320248503,0.554618356622274,1.12099480164139,3,Regular Customers
17880,1.06131045286597,0.554618356622274,1.07578648051123,3,Regular Customers
17882,0.84490704589724,0.554618356622274,1.06433785095007,3,Regular Customers
17883,1.03665790244122,0.625800285598644,1.06972483822124,3,Regular Customers
17884,0.672502967079056,0.863862787100884,1.15351598499924,2,VIP Customers
17886,0.981506595544463,0.625800285598644,1.1060828798933,3,Regular Customers
17888,0.798927899057388,0.85802782528634,1.12459270669791,0,Loyal Customers
17889,0.798927899057388,0.706395054279679,1.09468645498949,0,Loyal Customers
17894,0.554618356622274,0.810237201722229,1.13135676066651,2,VIP Customers
17897,0.625800285598644,0.771164660636414,1.14743216418952,2,VIP Customers
17898,0.994243814213533,0.554618356622274,1.02655396428437,1,At Risk Customers
17901,1.03038267286013,0.554618356622274,1.02758332606426,1,At Risk Customers
17902,1.03888993689051,0.423035857164402,1.04852550362293,1,At Risk Customers
17903,0.912001235290911,0.423035857164402,1.07776871431448,1,At Risk Customers
17905,0.786047879585602,0.798927899057388,1.13917256177239,0,Loyal Customers
17907,1.06149939993085,0.423035857164402,1.06437314575092,1,At Risk Customers
17908,0.786047879585602,0.706395054279679,1.12644006966049,0,Loyal Customers
17909,1.07671787238121,0.423035857164402,1.00876621313863,1,At Risk Customers
17910,1.07524468002232,0.423035857164402,1.05871624037768,1,At Risk Customers
17912,0.810237201722229,0.423035857164402,0.972735824676011,1,At Risk Customers
17913,0.927597350695399,0.820286244339271,1.16275371736074,0,Loyal Customers
17915,1.0404215144188,0.423035857164402,1.05083488459533,1,At Risk Customers
17916,1.05917602961924,0.554618356622274,0.943672761056043,1,At Risk Customers
17918,1.02185118922711,0.625800285598644,1.07968539198721,3,Regular Customers
17919,0.982453320777553,0.423035857164402,1.09394339963595,1,At Risk Customers
17920,0.672502967079056,0.93420673023127,1.22074562354657,2,VIP Customers
17921,0.84490704589724,0.732568747710418,1.13902100262594,0,Loyal Customers
17922,1.03794631447655,0.423035857164402,1.03513134031607,1,At Risk Customers
17923,1.03256752219647,0.554618356622274,1.06397261888056,1,At Risk Customers
17924,0.786047879585602,0.554618356622274,1.09705841060186,3,Regular Customers
17925,0.771164660636414,0.423035857164402,1.05502464873196,1,At Risk Customers
17926,0.987818703754018,0.625800285598644,1.10180204768627,3,Regular Customers
17927,1.074557313026,0.423035857164402,1.06476647949265,1,At Risk Customers
17928,1.0460867889468,0.423035857164402,1.01850093877737,1,At Risk Customers
17929,0.887827694546274,0.771164660636414,1.15214123116204,0,Loyal Customers
17930,0.909014982122063,0.771164660636414,1.15659431627764,0,Loyal Customers
17931,0.920250163124061,0.820286244339271,1.1624449855369,0,Loyal Customers
17933,1.05996432564944,0.423035857164402,1.0113677330337,1,At Risk Customers
17934,0.940202458817879,0.423035857164402,1.07284528886569,1,At Risk Customers
17935,0.927597350695399,0.706395054279679,1.0942900089231,3,Regular Customers
17938,0.96241498725723,0.423035857164402,1.02539926151904,1,At Risk Customers
17940,0.98866440976494,0.732568747710418,1.22783934514084,0,Loyal Customers
17941,1.05088765459954,0.625800285598644,1.125951896476,3,Regular Customers
17944,0.966272952906034,0.423035857164402,0.98337505881952,1,At Risk Customers
17945,1.07093934057288,0.625800285598644,1.07501910591249,3,Regular Customers
17949,0.753653330845511,0.982453320777553,1.24853866971218,0,Loyal Customers
17950,0.423035857164402,0.732568747710418,1.11877531005957,2,VIP Customers
17951,0.786047879585602,0.554618356622274,1.10105187356495,3,Regular Customers
17952,0.837466628755802,0.672502967079056,1.11103234011783,0,Loyal Customers
17953,1.03698332858472,0.423035857164402,1.03118440065993,1,At Risk Customers
17954,0.625800285598644,0.786047879585602,1.14009230485573,2,VIP Customers
17955,1.06423887109107,0.554618356622274,1.07921890644854,3,Regular Customers
17958,1.07551646672211,0.423035857164402,1.08735749706974,1,At Risk Customers
17959,1.05136456149821,0.423035857164402,1.02391538361349,1,At Risk Customers
17960,1.03075379565817,0.554618356622274,0.969068337646784,1,At Risk Customers
17961,0.771164660636414,0.969893207806336,1.14189862632637,0,Loyal Customers
17962,1.03981490282658,0.625800285598644,1.09628922385373,3,Regular Customers
17963,1.00698166971579,0.672502967079056,1.10214608670327,3,Regular Customers
17964,0.771164660636414,0.423035857164402,1.05872829641252,1,At Risk Customers
17965,0.423035857164402,0.85802782528634,1.17660704262327,2,VIP Customers
17966,1.05112674073876,0.706395054279679,1.11499590677784,3,Regular Customers
17967,0.753653330845511,0.554618356622274,1.05026487982339,3,Regular Customers
17968,0.786047879585602,0.672502967079056,1.09831907722226,0,Loyal Customers
17969,1.02273088350259,0.863862787100884,1.15025695696489,0,Loyal Customers
17971,1.03950861169563,0.423035857164402,1.03218871012003,1,At Risk Customers
17974,0.85802782528634,0.625800285598644,1.12243252135763,3,Regular Customers
17975,0.554618356622274,0.820286244339271,1.15648788520496,2,VIP Customers
17976,0.771164660636414,0.423035857164402,1.06936705704807,1,At Risk Customers
17977,0.927597350695399,0.423035857164402,1.12917842492624,3,Regular Customers
17978,0.423035857164402,0.672502967079056,1.12705227748859,2,VIP Customers
17980,0.909014982122063,0.423035857164402,1.04453365498874,1,At Risk Customers
17981,0.947405270060277,0.423035857164402,1.05392736883556,1,At Risk Customers
17982,1.06844871355245,0.423035857164402,1.02280929209865,1,At Risk Customers
17983,0.914863320248503,0.423035857164402,1.03557112348019,1,At Risk Customers
17984,0.905894483417168,0.672502967079056,1.12099603754274,3,Regular Customers
17987,0.820286244339271,0.672502967079056,1.10983948436478,0,Loyal Customers
17988,1.01571919790023,0.753653330845511,1.06377989230533,3,Regular Customers
17989,0.84490704589724,0.423035857164402,1.0461746512588,1,At Risk Customers
17990,0.851732346927839,0.625800285598644,1.11648910741047,3,Regular Customers
17991,1.05112674073876,0.423035857164402,1.04607346172262,1,At Risk Customers
17992,0.895607189939859,0.423035857164402,1.05690698404771,1,At Risk Customers
17993,1.05693210585141,0.423035857164402,1.05088525730578,1,At Risk Customers
17994,0.891821261528334,0.753653330845511,1.13952774794509,0,Loyal Customers
17995,0.863862787100884,0.554618356622274,1.08240593779034,3,Regular Customers
17996,0.84490704589724,0.625800285598644,1.08903215290179,3,Regular Customers
17998,0.851732346927839,0.625800285598644,1.10187444499745,3,Regular Customers
17999,0.554618356622274,0.554618356622274,1.07189723996313,2,VIP Customers
18000,1.04418217941689,0.423035857164402,1.01634255072821,1,At Risk Customers
18001,0.991922356299061,0.672502967079056,1.09153786361867,3,Regular Customers
18002,0.810237201722229,0.672502967079056,1.05508797289422,3,Regular Customers
18003,0.820286244339271,0.423035857164402,1.07407069683189,1,At Risk Customers
18006,0.85802782528634,0.625800285598644,1.09295138400613,3,Regular Customers
18007,0.905894483417168,0.423035857164402,1.04822645205353,1,At Risk Customers
18008,0.955372512799918,0.837466628755802,1.2171418475863,0,Loyal Customers
18009,1.03762750670487,0.753653330845511,1.14605313519307,0,Loyal Customers
18011,0.786047879585602,0.554618356622274,1.08141064000264,3,Regular Customers
18012,1.07483362805941,0.423035857164402,1.01170012657784,1,At Risk Customers
18016,0.947405270060277,0.554618356622274,1.0885020786663,3,Regular Customers
18017,0.975466054775925,0.423035857164402,1.03327417821402,1,At Risk Customers
18018,0.925237402907562,0.554618356622274,1.03693465778237,1,At Risk Customers
18020,1.03794631447655,0.423035857164402,1.04145852517623,1,At Risk Customers
18021,1.0256915346265,0.554618356622274,1.0485280295481,1,At Risk Customers
18022,0.87912862186124,0.672502967079056,1.11638421531573,3,Regular Customers
18025,0.84490704589724,0.732568747710418,1.12766096893499,0,Loyal Customers
18026,1.02185118922711,0.554618356622274,1.14935044365903,3,Regular Customers
18028,1.04917754625981,0.423035857164402,1.04191889469236,1,At Risk Customers
18029,1.06187484379026,0.423035857164402,1.08402020669139,1,At Risk Customers
18031,0.837466628755802,0.423035857164402,1.08590295392654,1,At Risk Customers
18034,0.810237201722229,0.423035857164402,1.07146806751461,1,At Risk Customers
18035,0.87912862186124,0.554618356622274,1.09479456124032,3,Regular Customers
18036,0.87912862186124,0.771164660636414,1.12643654403531,0,Loyal Customers
18037,0.96372913748031,0.786047879585602,1.00092877778857,3,Regular Customers
18038,1.04190430352368,0.423035857164402,1.0242250791926,1,At Risk Customers
18039,0.798927899057388,0.672502967079056,1.09495157302132,3,Regular Customers
18041,0.423035857164402,0.874369583994872,1.17645076350066,2,VIP Customers
18042,1.03730652062128,0.423035857164402,1.01213279855737,1,At Risk Customers
18043,0.554618356622274,0.423035857164402,1.06368858187453,2,VIP Customers
18044,0.887827694546274,0.771164660636414,1.13496431008637,0,Loyal Customers
18046,1.06316384226145,0.423035857164402,1.04120736064417,1,At Risk Customers
18047,0.85802782528634,0.554618356622274,1.07003639394215,3,Regular Customers
18048,1.01864315500103,0.423035857164402,1.05007489129524,1,At Risk Customers
18049,0.981506595544463,0.554618356622274,1.09079480031171,3,Regular Customers
18050,0.909014982122063,0.423035857164402,1.07178628438862,1,At Risk Customers
18051,1.06035319841327,0.753653330845511,1.15283248481089,0,Loyal Customers
18052,1.04418217941689,0.423035857164402,1.20345601702468,3,Regular Customers
18053,1.03185025321971,0.554618356622274,1.06055597599852,1,At Risk Customers
18054,0.905894483417168,0.423035857164402,1.03714520209458,1,At Risk Customers
18055,0.625800285598644,0.732568747710418,1.17531384953688,2,VIP Customers
18056,1.05714089911136,0.423035857164402,1.04159682285487,1,At Risk Customers
18057,0.909014982122063,0.625800285598644,1.12802452525986,3,Regular Customers
18058,1.03730652062128,0.554618356622274,1.09933335410309,3,Regular Customers
18060,0.943907056186028,0.554618356622274,1.12792335895677,3,Regular Customers
18061,0.554618356622274,0.869294239284948,1.17522198976718,2,VIP Customers
18062,0.883605064784244,0.625800285598644,1.11720113292009,3,Regular Customers
18063,0.899204137093441,0.554618356622274,1.0403008223476,1,At Risk Customers
18064,0.989497282824003,0.786047879585602,1.16939138454679,0,Loyal Customers
18065,0.891821261528334,0.84490704589724,1.1675516176902,0,Loyal Customers
18066,0.883605064784244,0.554618356622274,1.12572518708957,3,Regular Customers
18069,0.869294239284948,0.732568747710418,1.15546434248908,0,Loyal Customers
18070,1.06664731220247,0.423035857164402,1.06814296725748,1,At Risk Customers
18071,0.423035857164402,0.706395054279679,1.11999832554436,2,VIP Customers
18074,0.786047879585602,0.554618356622274,1.12180766159727,3,Regular Customers
18075,0.798927899057388,0.798927899057388,1.16443798279354,0,Loyal Customers
18076,0.851732346927839,0.423035857164402,1.02828488558559,1,At Risk Customers
18077,0.554618356622274,0.771164660636414,1.14192978804811,2,VIP Customers
18078,0.968711214153241,0.554618356622274,1.07882085142024,3,Regular Customers
18079,1.01768731722123,0.423035857164402,1.09834503215866,1,At Risk Customers
18083,0.920250163124061,0.423035857164402,1.08716585527473,1,At Risk Customers
18084,0.869294239284948,0.554618356622274,1.10617476855342,3,Regular Customers
18085,0.786047879585602,0.625800285598644,1.11914791606849,3,Regular Customers
18087,0.84490704589724,0.84490704589724,1.20299254528305,0,Loyal Customers
18089,0.989497282824003,0.423035857164402,1.083430915832,1,At Risk Customers
18090,0.96372913748031,0.423035857164402,1.06938431249202,1,At Risk Customers
18091,1.05160112921781,0.423035857164402,1.07508759143276,1,At Risk Customers
18092,0.423035857164402,0.771164660636414,1.19072210639045,2,VIP Customers
18093,0.987818703754018,0.672502967079056,1.15382846103886,0,Loyal Customers
18094,0.989497282824003,0.732568747710418,1.16656122352668,0,Loyal Customers
18095,0.97105164486998,0.625800285598644,1.14245482385634,3,Regular Customers
18096,0.986087311088335,0.625800285598644,1.11212215568852,3,Regular Customers
18097,0.87912862186124,0.706395054279679,1.14737147585986,0,Loyal Customers
18098,0.917610260115658,0.423035857164402,1.09322334183223,1,At Risk Customers
18100,1.04011919575166,0.423035857164402,1.08593022246619,1,At Risk Customers
18101,0.798927899057388,0.625800285598644,1.08007757309825,3,Regular Customers
18102,0.423035857164402,0.994995986631273,1.28702793114228,2,VIP Customers
18103,1.03981490282658,0.423035857164402,1.00626234136288,1,At Risk Customers
18106,1.0098756237601,0.706395054279679,1.1217963874894,3,Regular Customers
18107,0.986087311088335,0.423035857164402,1.03358181880958,1,At Risk Customers
18108,1.0523034349406,0.554618356622274,1.09734224846068,3,Regular Customers
18109,0.706395054279679,0.829304666300179,1.14468017991954,2,VIP Customers
18110,0.949083336953801,0.423035857164402,1.04233426763487,1,At Risk Customers
18111,1.05064729056294,0.423035857164402,1.08082699335165,1,At Risk Customers
18112,0.959696320446474,0.554618356622274,1.08255331441545,3,Regular Customers
18113,0.672502967079056,0.423035857164402,0.984589850431227,1,At Risk Customers
18115,1.07109022500042,0.423035857164402,0.795245662433237,1,At Risk Customers
18116,0.820286244339271,0.706395054279679,1.10779044737091,0,Loyal Customers
18118,0.706395054279679,0.672502967079056,1.12371202857192,2,VIP Customers
18119,0.625800285598644,0.423035857164402,1.03848336504078,1,At Risk Customers
18123,1.02730618985159,0.423035857164402,0.997334533259053,1,At Risk Customers
18124,1.00757357875508,0.423035857164402,1.00432537142748,1,At Risk Customers
18127,0.93420673023127,0.423035857164402,1.04662988299894,1,At Risk Customers
18128,1.03600023257742,0.423035857164402,1.08003876696165,1,At Risk Customers
18131,1.0597685814372,0.423035857164402,1.05015293219744,1,At Risk Customers
18132,1.02359515629431,0.423035857164402,1.04945803058317,1,At Risk Customers
18134,1.05276559208806,0.554618356622274,1.08523646514718,3,Regular Customers
18135,0.905894483417168,0.706395054279679,1.09654279949263,3,Regular Customers
18136,0.945680643631524,0.554618356622274,1.11408475776323,3,Regular Customers
18137,1.0404215144188,0.554618356622274,1.0260961718539,1,At Risk Customers
18140,1.00815879292083,0.423035857164402,1.09395451866365,1,At Risk Customers
18141,0.92987564040383,0.554618356622274,1.11581415678193,3,Regular Customers
18144,0.786047879585602,0.771164660636414,1.15098989977788,0,Loyal Customers
18145,0.863862787100884,0.753653330845511,1.15945358958614,0,Loyal Customers
18148,1.06261611138933,0.423035857164402,1.0103518187139,1,At Risk Customers
18149,0.936268254134964,0.672502967079056,1.11853855737618,3,Regular Customers
18151,0.96241498725723,0.672502967079056,1.12926882244838,3,Regular Customers
18152,1.06261611138933,0.423035857164402,1.08323404847983,1,At Risk Customers
18153,1.06494091835729,0.423035857164402,1.05548982209521,1,At Risk Customers
18154,0.891821261528334,0.625800285598644,1.09369711167028,3,Regular Customers
18156,0.706395054279679,0.423035857164402,1.04038533963711,1,At Risk Customers
18157,1.0460867889468,0.423035857164402,1.04788956724387,1,At Risk Customers
18160,0.883605064784244,0.423035857164402,1.07576225131089,1,At Risk Customers
18161,0.84490704589724,0.423035857164402,1.03963443429498,1,At Risk Customers
18162,1.0760547427666,0.423035857164402,1.07652137201504,1,At Risk Customers
18163,1.04942585093474,0.423035857164402,1.1076393439788,1,At Risk Customers
18166,1.05817025831518,0.423035857164402,1.03682089655634,1,At Risk Customers
18168,0.771164660636414,0.810237201722229,1.15665068754404,0,Loyal Customers
18170,0.798927899057388,0.732568747710418,1.14606978595354,0,Loyal Customers
18171,1.006382923783,0.672502967079056,1.12861012829354,3,Regular Customers
18172,0.887827694546274,0.917610260115658,1.20071182090141,0,Loyal Customers
18173,1.05587305448721,0.423035857164402,1.09824875780225,1,At Risk Customers
18174,1.05390048335045,0.423035857164402,0.965647215504496,1,At Risk Customers
18175,1.0676393418573,0.423035857164402,1.03701574785457,1,At Risk Customers
18177,1.04305729394222,0.625800285598644,1.11547812117197,3,Regular Customers
18178,0.932077249682868,0.753653330845511,1.17628173050445,0,Loyal Customers
18179,1.03075379565817,0.554618356622274,1.10913128621582,3,Regular Customers
18181,0.927597350695399,0.672502967079056,1.11278510050592,3,Regular Customers
18182,1.0019873653802,0.423035857164402,1.06426186887251,1,At Risk Customers
18186,1.07469570046116,0.423035857164402,1.07057194422557,1,At Risk Customers
18187,1.0597685814372,0.423035857164402,1.10740312825579,1,At Risk Customers
18188,0.974393832083351,0.625800285598644,1.13096225614768,3,Regular Customers
18189,1.05857534099645,0.423035857164402,1.06804433758163,1,At Risk Customers
18190,1.05390048335045,0.625800285598644,1.08692423013981,3,Regular Customers
18191,1.0104353962562,0.423035857164402,1.06933723558844,1,At Risk Customers
18193,0.851732346927839,0.554618356622274,1.11948442495971,3,Regular Customers
18194,0.982453320777553,0.706395054279679,1.16461829229128,0,Loyal Customers
18195,0.887827694546274,0.423035857164402,1.00338350509445,1,At Risk Customers
18196,1.00698166971579,0.554618356622274,1.11004612700454,3,Regular Customers
18197,1.04714055168876,0.423035857164402,1.05185992096284,1,At Risk Customers
18199,1.06892702547233,0.423035857164402,1.07282361800487,1,At Risk Customers
18201,1.07469570046116,0.423035857164402,1.08550545466053,1,At Risk Customers
18203,0.85802782528634,0.625800285598644,1.07095445341079,3,Regular Customers
18206,1.04102032270484,0.423035857164402,1.06823331119351,1,At Risk Customers
18207,1.02140539923958,0.423035857164402,1.09463775059627,1,At Risk Customers
18208,1.04445915654612,0.423035857164402,1.0749820766414,1,At Risk Customers
18210,0.863862787100884,0.423035857164402,1.02668684827291,1,At Risk Customers
18212,1.06796494418334,0.423035857164402,1.06551158378498,1,At Risk Customers
18214,1.03362361622041,0.672502967079056,1.14368577006646,3,Regular Customers
18215,0.981506595544463,0.672502967079056,1.14675685223075,0,Loyal Customers
18217,1.02730618985159,0.554618356622274,1.06960175362617,3,Regular Customers
18218,1.0523034349406,0.554618356622274,1.08879776619284,3,Regular Customers
18219,0.672502967079056,0.771164660636414,1.13699113760745,2,VIP Customers
18220,0.912001235290911,0.706395054279679,1.14003460891605,0,Loyal Customers
18221,0.899204137093441,0.423035857164402,1.07805499054134,1,At Risk Customers
18223,0.887827694546274,0.820286244339271,1.19242230230351,0,Loyal Customers
18225,0.423035857164402,0.84490704589724,1.1925178455936,2,VIP Customers
18226,0.837466628755802,0.84490704589724,1.18865177857409,0,Loyal Customers
18227,1.01419096769647,0.423035857164402,1.06494091835729,1,At Risk Customers
18229,0.554618356622274,0.798927899057388,1.16806569334374,2,VIP Customers
18230,0.837466628755802,0.554618356622274,1.13667284657467,3,Regular Customers
18231,0.940202458817879,0.887827694546274,1.17817359301335,0,Loyal Customers
18234,1.0404215144188,0.423035857164402,1.03813656486069,1,At Risk Customers
18236,0.891821261528334,0.732568747710418,1.11724511070308,0,Loyal Customers
18238,1.02809384567564,0.423035857164402,1.06053092135021,1,At Risk Customers
18239,0.771164660636414,0.554618356622274,1.0981898040003,3,Regular Customers
18241,0.955372512799918,0.672502967079056,1.11728126025058,3,Regular Customers
18242,0.98866440976494,0.672502967079056,1.13372587881945,3,Regular Customers
18243,0.953859785790446,0.423035857164402,1.09214903341195,1,At Risk Customers
18244,0.974393832083351,0.554618356622274,1.09661711079018,3,Regular Customers
18245,0.84490704589724,0.829304666300179,1.17020818082568,0,Loyal Customers
18246,1.05522522835433,0.423035857164402,1.03246775012558,1,At Risk Customers
18247,0.953859785790446,0.625800285598644,1.11371801257662,3,Regular Customers
18251,0.98866440976494,0.771164660636414,1.22308159679137,0,Loyal Customers
18252,1.03950861169563,0.706395054279679,1.12164545038586,3,Regular Customers
18253,1.06187484379026,0.423035857164402,1.06874908683357,1,At Risk Customers
18254,1.04867681047647,0.423035857164402,1.05994479069103,1,At Risk Customers
18255,0.99719132727709,0.423035857164402,1.0441404885236,1,At Risk Customers
18256,0.887827694546274,0.423035857164402,1.0091386802318,1,At Risk Customers
18257,0.989497282824003,0.672502967079056,1.15251803760332,0,Loyal Customers
18258,1.00263834077406,0.732568747710418,1.14909487097258,0,Loyal Customers
18259,0.554618356622274,0.706395054279679,1.14763518708981,2,VIP Customers
18260,0.798927899057388,0.85802782528634,1.19160718759948,0,Loyal Customers
18262,0.909014982122063,0.554618356622274,1.08338737469065,3,Regular Customers
18264,1.02095555902629,0.423035857164402,1.09928498789171,1,At Risk Customers
18266,0.978566837930225,0.423035857164402,1.05653265340371,1,At Risk Customers
18267,1.06714621552117,0.423035857164402,1.06023107729965,1,At Risk Customers
18268,1.05112674073876,0.706395054279679,1.13624940248126,3,Regular Customers
18269,0.554618356622274,0.423035857164402,1.03452032065276,2,VIP Customers
18270,0.976518532381328,0.423035857164402,1.03199457017352,1,At Risk Customers
18271,1.05522522835433,0.554618356622274,1.10466245619005,3,Regular Customers
18272,1.03950861169563,0.625800285598644,1.13181220817269,3,Regular Customers
18273,1.05088765459954,0.423035857164402,1.02886890297344,1,At Risk Customers
18275,1.047915176518,0.554618356622274,1.10840686572872,3,Regular Customers
18276,0.905894483417168,0.706395054279679,1.13220953434083,0,Loyal Customers
18277,0.920250163124061,0.672502967079056,1.12377374584402,3,Regular Customers
18278,0.936268254134964,0.423035857164402,1.05419088130196,1,At Risk Customers
18279,1.0296317282857,0.423035857164402,1.05214986950426,1,At Risk Customers
18280,0.912001235290911,0.423035857164402,1.06707175136134,1,At Risk Customers
18281,1.04765843181748,0.423035857164402,1.01435619656491,1,At Risk Customers
18283,0.863862787100884,0.732568747710418,1.10046670088198,0,Loyal Customers
18284,0.975466054775925,0.423035857164402,1.08697737073252,1,At Risk Customers
18285,1.06511465088095,0.423035857164402,1.08326879382778,1,At Risk Customers
18286,1.0098756237601,0.554618356622274,1.13147994782521,3,Regular Customers
18287,0.863862787100884,0.672502967079056,1.15382109743635,0,Loyal Customers
